Workbook

Sheet Summary
A1: Aluminium kitchen - cut list & materials summary
A2: Basic materials: 2x1 tube, 4 mm cladding, profile, profile with handle. Blue = from the cutting plan (re-run make_kitchen_alu_cutlist.py after model changes).
A4: Item | B4: Value | C4: Unit | D4: Basis
A5: 2x1 pieces | B5: =SUMIFS('Cut List'!$E$5:$E$302,'Cut List'!$D$5:$D$302,"2x1") -> 272 | C5: pcs | D5: Cut List
A6: 2x1 total length | B6: =SUMIFS('Cut List'!$J$5:$J$302,'Cut List'!$D$5:$D$302,"2x1") -> 149.6747 | C6: m | D6: Cut List
A7: 2x1 stock bars | B7: 24 | C7: bars | D7: Bar Plan (6.40 m bars)
A8: 2x1 yield | B8: =B6/(B7*6.4) -> 0.97444466 | C8: % | D8: cut length / stock length
A9: Profile pieces | B9: =SUMIFS('Cut List'!$E$5:$E$302,'Cut List'!$D$5:$D$302,"Profile") -> 86 | C9: pcs | D9: Cut List
A10: Profile total length | B10: =SUMIFS('Cut List'!$J$5:$J$302,'Cut List'!$D$5:$D$302,"Profile") -> 36.9766 | C10: m | D10: Cut List
A11: Profile stock bars | B11: 6 | C11: bars | D11: Bar Plan (6.40 m bars)
A12: Profile yield | B12: =B10/(B11*6.4) -> 0.96293229 | C12: % | D12: cut length / stock length
A13: Profile with handle pieces | B13: =SUMIFS('Cut List'!$E$5:$E$302,'Cut List'!$D$5:$D$302,"Profile with handle") -> 22 | C13: pcs | D13: Cut List
A14: Profile with handle total length | B14: =SUMIFS('Cut List'!$J$5:$J$302,'Cut List'!$D$5:$D$302,"Profile with handle") -> 10.6478 | C14: m | D14: Cut List
A15: Profile with handle stock bars | B15: 2 | C15: bars | D15: Bar Plan (6.40 m bars)
A16: Profile with handle yield | B16: =B14/(B15*6.4) -> 0.83185937 | C16: % | D16: cut length / stock length
A17: Cladding pieces | B17: =SUMIFS('Cut List'!$E$5:$E$302,'Cut List'!$D$5:$D$302,"Cladding") -> 117 | C17: pcs | D17: Cut List
A18: Cladding part area | B18: =SUMIFS('Cut List'!$K$5:$K$302,'Cut List'!$D$5:$D$302,"Cladding") -> 34.56867 | C18: m² | D18: Cut List
A19: Cladding sheets (4x8) | B19: 13 | C19: sheets | D19: Cladding Layout / PDF
A20: Cladding yield | B20: =B18/(B19*2.9768) -> 0.89328421 | C20: % | D20: part area / sheet area
A21: Countertop pieces | B21: =SUMIFS('Cut List'!$E$5:$E$302,'Cut List'!$D$5:$D$302,"Countertop") -> 3 | C21: pcs | D21: fabricator templates

Sheet Materials
A1: List of materials - aluminium
A2: Black qty = formula; blue = count from the model or a rule of thumb (see Basis). Fill unit prices in the yellow column; the total is at the bottom.
A4: Category | B4: Item | C4: Specification | D4: Qty | E4: Unit | F4: Basis / note | G4: Unit price | H4: Amount
A5: Aluminium | B5: 2x1 | C5: 1" x 2" aluminium tube (25.4 x 50.8), 6.40 m bars | D5: =Summary!B7+2 -> 26 | E5: bars | F5: Bar Plan + 2 spare for mis-cuts; offcuts cover cleats | H5: =D5*G5 -> 0
A6: Aluminium | B6: Profile | C6: cabinet door / front frame profile (20 face x 20 deep, with insert groove), 6.40 m bars | D6: =Summary!B11+1 -> 7 | E6: bars | F6: Bar Plan + 1 spare for mis-cuts; offcuts cover cleats | H6: =D6*G6 -> 0
A7: Aluminium | B7: Profile with handle | C7: profile with integrated handle (45 face), 6.40 m bars | D7: =Summary!B15+1 -> 3 | E7: bars | F7: Bar Plan + 1 spare for mis-cuts; offcuts cover cleats | H7: =D7*G7 -> 0
A8: Aluminium | B8: Cladding | C8: aluminium cladding sheet 4 mm, 4x8 ft | D8: =Summary!B19+1 -> 14 | E8: sheets | F8: Cladding Layout + 1 spare | H8: =D8*G8 -> 0
A9: Countertop | B9: Countertop - Island | C9: 1825 x 968 x 38, Countertop (cooktop cut-out 700x400) | D9: 1 | E9: pc | F9: fabricator measures on site | H9: =D9*G9 -> 0
A10: Countertop | B10: Countertop - Sink_Counter | C10: 1270 x 635 x 38, Countertop (sink cut-out 770x420) | D10: 1 | E10: pc | F10: fabricator measures on site | H10: =D10*G10 -> 0
A11: Countertop | B11: Countertop - Washer_Bay | C11: 678 x 635 x 38, Countertop (corner notch 153x153 for pipe) | D11: 1 | E11: pc | F11: fabricator measures on site | H11: =D11*G11 -> 0
A12: Fasteners | B12: Blind (pop) rivets 4 mm (5/32") x 12 - frame joints | C12: aluminium | D12: =CEILING(4*Summary!B5,100) -> 1100 | E12: pcs | F12: 4 per 2x1 piece (2 per end) | H12: =D12*G12 -> 0
A13: Fasteners | B13: Rivets / self-drilling screws - cladding to frame | C13: every ~200 mm | D13: 1300 | E13: pcs | F13: cladding edge length 257 m / 0.2 | H13: =D13*G13 -> 0
A14: Fasteners | B14: Internal corner cleats (1" aluminium angle ~40 mm, or 2x1 offcuts) | C14: frame joints | D14: =CEILING(2*Summary!B5,10) -> 550 | E14: pcs | F14: 2 per 2x1 piece | H14: =D14*G14 -> 0
A15: Fasteners | B15: Panel adhesive / VHB tape for cladding (keeps panels flat) | D15: 257 | E15: m | F15: cladding edge length | H15: =D15*G15 -> 0
A16: Wall mount | B16: Masonry anchors 8 mm through the 2x1 back rails | D16: 38 | E16: pcs | F16: 5 wall cabinets x 4 + 5 base x 2 + 4 framed panels x 2 | H16: =D16*G16 -> 0
A17: Finishing | B17: Neutral-cure silicone, clear | C17: sink, counter joints, backsplash | D17: 3 | E17: tubes | F17: rule of thumb | H17: =D17*G17 -> 0
A18: Racks & runners | B18: Toe-kick drawer runner pair 400 mm, low profile, push-to-open | D18: 5 | E18: pcs | F18: Base_Racks_400, Base_Sink_870, Island_1_Racks_473, Island_2_Induction_773, Island_3_Racks_473 | H18: =D18*G18 -> 0
A19: Racks & runners | B19: Under-sink pull-out tray (door-mounted cabinet) | C19: 786 W x 450 D x 120 H | D19: 1 | E19: pcs | F19: Base_Sink_870 | H19: =D19*G19 -> 0
A20: Racks & runners | B20: Full-extension soft-close runner pair, 450 mm | D20: 1 | E20: pcs | F20: Base_Sink_870 | H20: =D20*G20 -> 0
A21: Racks & runners | B21: Pot / pan basket (350 cabinet size, 341 clear, 500 runners) | C21: 316 W x 500 D x 200 H | D21: 1 | E21: pcs | F21: Base_Racks_400 | H21: =D21*G21 -> 0
A22: Racks & runners | B22: Full-extension soft-close runner pair, 500 mm | D22: 11 | E22: pcs | F22: Base_Racks_400, Island_1_Racks_473, Island_2_Induction_773, Island_3_Racks_473 | H22: =D22*G22 -> 0
A23: Racks & runners | B23: Bowl + plate basket (350 cabinet size, 341 clear, 500 runners) | C23: 316 W x 500 D x 150 H | D23: 1 | E23: pcs | F23: Base_Racks_400 | H23: =D23*G23 -> 0
A24: Racks & runners | B24: Cutlery / utensil tray (350 cabinet size, 341 clear, 500 runners) | C24: 316 W x 500 D x 70 H | D24: 1 | E24: pcs | F24: Base_Racks_400 | H24: =D24*G24 -> 0
A25: Fittings | B25: Stove levelling feet: raise ~9 mm so the cooktop meets the counter (platform 54.8) | D25: 1 | E25: pcs | F25: Stove_Bay | H25: =D25*G25 -> 0
A26: Appliance fit | B26: Flat duct 204x60 + 150 round-to-flat adapter, up the cabinet back to the ceiling (cut-out in the cabinet top) | D26: 1 | E26: pcs | F26: Upper_Hood_620 | H26: =D26*G26 -> 0
A27: Appliance fit | B27: Built-in telescopic range hood 60 cm (body <= 561 W), ducted, 150 outlet, fixed to the bottom side rails | C27: 560 W x 280 D x 180 H | D27: 1 | E27: pcs | F27: Upper_Hood_620 | H27: =D27*G27 -> 0
A28: Finishing | B28: Paint / wrap the exposed pipe (counter -> wall cabinet) to match the backsplash | C28: 458 H section | D28: 1 | E28: lot | F28: Washer_Bay | H28: =D28*G28 -> 0
A29: Racks & runners | B29: Dish drainer drip tray | C29: 801 W x 245 D x 25 H | D29: 1 | E29: pcs | F29: Upper_Sink_870 | H29: =D29*G29 -> 0
A30: Racks & runners | B30: Dish drainer, plate tier (870 cabinet) | C30: 801 W x 245 D x 120 H | D30: 1 | E30: pcs | F30: Upper_Sink_870 | H30: =D30*G30 -> 0
A31: Racks & runners | B31: Dish drainer, cup / bowl tier (870 cabinet) | C31: 801 W x 245 D x 80 H | D31: 1 | E31: pcs | F31: Upper_Sink_870 | H31: =D31*G31 -> 0
A32: Racks & runners | B32: Pot / pan basket (450 cabinet size, 414 clear, 500 runners) | C32: 389 W x 500 D x 200 H | D32: 2 | E32: pcs | F32: Island_1_Racks_473, Island_3_Racks_473 | H32: =D32*G32 -> 0
A33: Racks & runners | B33: Bowl + plate basket (450 cabinet size, 414 clear, 500 runners) | C33: 389 W x 500 D x 150 H | D33: 2 | E33: pcs | F33: Island_1_Racks_473, Island_3_Racks_473 | H33: =D33*G33 -> 0
A34: Racks & runners | B34: Cutlery / utensil tray (450 cabinet size, 414 clear, 500 runners) | C34: 389 W x 500 D x 70 H | D34: 2 | E34: pcs | F34: Island_1_Racks_473, Island_3_Racks_473 | H34: =D34*G34 -> 0
A35: Racks & runners | B35: Deep pot basket (750 cabinet size, 714 clear, 500 runners) | C35: 689 W x 500 D x 250 H | D35: 1 | E35: pcs | F35: Island_2_Induction_773 | H35: =D35*G35 -> 0
A36: Racks & runners | B36: Pot / pan basket (750 cabinet size, 714 clear, 500 runners) | C36: 689 W x 500 D x 200 H | D36: 1 | E36: pcs | F36: Island_2_Induction_773 | H36: =D36*G36 -> 0
A37: Appliance fit | B37: Vent grille / 6 mm gap behind the top fixed front (induction air) | D37: 1 | E37: pcs | F37: Island_2_Induction_773 | H37: =D37*G37 -> 0
A38: Electrical | B38: Induction power: dedicated circuit in floor conduit to the island | D38: 1 | E38: pcs | F38: Island | H38: =D38*G38 -> 0
A39: Lighting | B39: Ch1 under-cabinet: 24 V COB LED strip 4000K 10 W/m + Al profile 16x7 with diffuser | D39: 1.71 | E39: m | F39: Lighting_LED | H39: =D39*G39 -> 0
A40: Lighting | B40: Ch1 under-cabinet: 24 V LED driver 30 W | D40: 1 | E40: pcs | F40: Lighting_LED | H40: =D40*G40 -> 0
A41: Lighting | B41: Ch2 toe-kick wall run: 24 V COB LED strip 4000K 10 W/m + Al profile 16x7 with diffuser | D41: 1.26 | E41: m | F41: Lighting_LED | H41: =D41*G41 -> 0
A42: Lighting | B42: Ch2 toe-kick wall run: 24 V LED driver 20 W | D42: 1 | E42: pcs | F42: Lighting_LED | H42: =D42*G42 -> 0
A43: Lighting | B43: Ch3 toe-kick island: 24 V COB LED strip 4000K 10 W/m + Al profile 16x7 with diffuser | D43: 1.71 | E43: m | F43: Lighting_LED | H43: =D43*G43 -> 0
A44: Lighting | B44: Ch3 toe-kick island: 24 V LED driver 30 W | D44: 1 | E44: pcs | F44: Lighting_LED | H44: =D44*G44 -> 0
A45: Lighting | B45: Wall switch (backsplash) for the under-cabinet lights | D45: 1 | E45: pcs | F45: Lighting_LED | H45: =D45*G45 -> 0
A46: Lighting | B46: PIR motion sensor for 24 V strip (toe-kick) | D46: 2 | E46: pcs | F46: Lighting_LED | H46: =D46*G46 -> 0
A47: Lighting | B47: 24 V cable 2 x 0.75 mm2 (+20% spare) | D47: 9.1 | E47: m | F47: Lighting_LED | H47: =D47*G47 -> 0
A48: Lighting | B48: 230 V feed to drivers / switch (electrician, in conduit) | D48: 7.3 | E48: m | F48: Lighting_LED | H48: =D48*G48 -> 0
... A50: Fittings | B50: Hinge for aluminium-frame doors, soft-close, clip-on | D50: 25 | E50: pcs | F50: Base_Sink_870, Over_Ref_Cabinet, Upper_400, Upper_Hood_620, Upper_Over_Washer, Upper_Sink_870 | H50: =D50*G50 -> 0
G51: Total | H51: =SUM(H5:H50) -> 0

Sheet Cut List
A1: Aluminium kitchen - Cut List (mm)
A2: Bars at cut length (mitred profiles: long point, see Note). Bar / sheet: T = 2x1, P = profile, H = profile with handle, C = cladding sheet. 'see model' = notch / cut-back shown in FreeCAD.
A4: Ref # | B4: Module | C4: Part | D4: Material | E4: Qty | F4: Length | G4: Width | H4: Note | I4: Bar / sheet | J4: Total m | K4: Area m²
A5: 1 | B5: Base_Racks_400 | C5: Kick_Back | D5: 2x1 | E5: 1 | F5: 265.4 | I5: T23 | J5: =E5*F5/1000 -> 0.2654
A6: 2 | B6: Base_Racks_400 | C6: Kick_Inner_Front | D6: 2x1 | E6: 1 | F6: 265.4 | I6: T24 | J6: =E6*F6/1000 -> 0.2654
A7: 3 | B7: Base_Racks_400 | C7: Kick_Side | D7: 2x1 | E7: 2 | F7: 400 | I7: T20 | J7: =E7*F7/1000 -> 0.8
A8: 4 | B8: Base_Racks_400 | C8: Plinth_Leg_Back | D8: 2x1 | E8: 2 | F8: 100 | I8: T10, T6 | J8: =E8*F8/1000 -> 0.2
A9: 5 | B9: Base_Racks_400 | C9: Plinth_Leg_Front | D9: 2x1 | E9: 2 | F9: 100 | I9: T11, T21 | J9: =E9*F9/1000 -> 0.2
A10: 6 | B10: Base_Racks_400 | C10: Plinth_Rail_Back | D10: 2x1 | E10: 1 | F10: 341.2 | I10: T4 | J10: =E10*F10/1000 -> 0.3412
A11: 7 | B11: Base_Racks_400 | C11: Plinth_Rail_Side | D11: 2x1 | E11: 2 | F11: 368.4 | I11: T15, T21 | J11: =E11*F11/1000 -> 0.7368
A12: 8 | B12: Base_Racks_400 | C12: Post_Back | D12: 2x1 | E12: 2 | F12: 772 | I12: T9 | J12: =E12*F12/1000 -> 1.544
A13: 9 | B13: Base_Racks_400 | C13: Post_Front | D13: 2x1 | E13: 2 | F13: 772 | I13: T9 | J13: =E13*F13/1000 -> 1.544
A14: 10 | B14: Base_Racks_400 | C14: Rail_Back_Bottom | D14: 2x1 | E14: 1 | F14: 341.2 | I14: T21 | J14: =E14*F14/1000 -> 0.3412
A15: 11 | B15: Base_Racks_400 | C15: Rail_Back_Top | D15: 2x1 | E15: 1 | F15: 341.2 | I15: T21 | J15: =E15*F15/1000 -> 0.3412
A16: 12 | B16: Base_Racks_400 | C16: Rail_Front_Bottom | D16: 2x1 | E16: 1 | F16: 341.2 | I16: T21 | J16: =E16*F16/1000 -> 0.3412
... A90: 86 | B90: Over_Ref_Cabinet | C90: Post_Front | D90: 2x1 | E90: 2 | F90: 449 | I90: T19 | J90: =E90*F90/1000 -> 0.898
A91: 87 | B91: Over_Ref_Cabinet | C91: Rail_Back_Bottom | D91: 2x1 | E91: 1 | F91: 891.2 | H91: cut back at pipe chase - see model | I91: T2 | J91: =E91*F91/1000 -> 0.8912
A92: 88 | B92: Over_Ref_Cabinet | C92: Rail_Back_Top | D92: 2x1 | E92: 1 | F92: 891.2 | H92: cut back at pipe chase - see model | I92: T3 | J92: =E92*F92/1000 -> 0.8912
A93: 89 | B93: Over_Ref_Cabinet | C93: Rail_Front_Bottom | D93: 2x1 | E93: 1 | F93: 891.2 | I93: T6 | J93: =E93*F93/1000 -> 0.8912
A94: 90 | B94: Over_Ref_Cabinet | C94: Rail_Front_Top | D94: 2x1 | E94: 1 | F94: 891.2 | I94: T6 | J94: =E94*F94/1000 -> 0.8912
A95: 91 | B95: Over_Ref_Cabinet | C95: Rail_Side_Bottom | D95: 2x1 | E95: 1 | F95: 658.4 | I95: T13 | J95: =E95*F95/1000 -> 0.6584
A96: 92 | B96: Over_Ref_Cabinet | C96: Rail_Side_Bottom | D96: 2x1 | E96: 1 | F96: 658.4 | H96: cut back at pipe chase - see model | I96: T13 | J96: =E96*F96/1000 -> 0.6584
A97: 93 | B97: Over_Ref_Cabinet | C97: Rail_Side_Top | D97: 2x1 | E97: 1 | F97: 658.4 | I97: T13 | J97: =E97*F97/1000 -> 0.6584
A98: 94 | B98: Over_Ref_Cabinet | C98: Rail_Side_Top | D98: 2x1 | E98: 1 | F98: 658.4 | H98: cut back at pipe chase - see model | I98: T13 | J98: =E98*F98/1000 -> 0.6584
A99: 95 | B99: Over_Ref_Cabinet | C99: Shelf_Front_Rail | D99: 2x1 | E99: 1 | F99: 840.4 | I99: T8 | J99: =E99*F99/1000 -> 0.8404
A100: 96 | B100: Over_Ref_Cabinet | C100: Shelf_Support | D100: 2x1 | E100: 1 | F100: 760 | I100: T1 | J100: =E100*F100/1000 -> 0.76
A101: 97 | B101: Over_Ref_Cabinet | C101: Shelf_Support | D101: 2x1 | E101: 1 | F101: 760 | H101: cut back at pipe chase - see model | I101: T12 | J101: =E101*F101/1000 -> 0.76
A102: 98 | B102: Ref_Tower | C102: End_Panel_Ref_Rail | D102: 2x1 | E102: 10 | F102: 315.8 | I102: T22 | J102: =E102*F102/1000 -> 3.158
A103: 99 | B103: Ref_Tower | C103: End_Panel_Ref_Stud | D103: 2x1 | E103: 3 | F103: 2286 | I103: T1, T2 | J103: =E103*F103/1000 -> 6.858
A104: 100 | B104: Ref_Tower | C104: Filler_Ref_Post | D104: 2x1 | E104: 1 | F104: 2286 | I104: T2 | J104: =E104*F104/1000 -> 2.286
A105: 101 | B105: Ref_Tower | C105: Tall_Panel_Rail | D105: 2x1 | E105: 10 | F105: 315.8 | I105: T22, T23 | J105: =E105*F105/1000 -> 3.158
A106: 102 | B106: Ref_Tower | C106: Tall_Panel_Stud | D106: 2x1 | E106: 3 | F106: 2286 | I106: T3, T4 | J106: =E106*F106/1000 -> 6.858
A107: 103 | B107: Scribe_Strips | C107: Crown_Ref_Ledger | D107: 2x1 | E107: 1 | F107: 1038.8 | I107: T1 | J107: =E107*F107/1000 -> 1.0388
A108: 104 | B108: Scribe_Strips | C108: Crown_Uppers_Ledger | D108: 2x1 | E108: 1 | F108: 1919.4 | I108: T4 | J108: =E108*F108/1000 -> 1.9194
A109: 105 | B109: Scribe_Strips | C109: Crown_Washer_Ledger | D109: 2x1 | E109: 1 | F109: 648.6 | I109: T13 | J109: =E109*F109/1000 -> 0.6486
A110: 106 | B110: Stove_Bay | C110: Platform_Cross | D110: 2x1 | E110: 3 | F110: 558.8 | I110: T15 | J110: =E110*F110/1000 -> 1.6764
A111: 107 | B111: Stove_Bay | C111: Platform_Rail_Back | D111: 2x1 | E111: 1 | F111: 609.6 | I111: T14 | J111: =E111*F111/1000 -> 0.6096
A112: 108 | B112: Stove_Bay | C112: Platform_Rail_Front | D112: 2x1 | E112: 1 | F112: 609.6 | I112: T14 | J112: =E112*F112/1000 -> 0.6096
A113: 109 | B113: Upper_400 | C113: Post_Back | D113: 2x1 | E113: 2 | F113: 906 | I113: T2, T3 | J113: =E113*F113/1000 -> 1.812
... A131: 127 | B131: Upper_Over_Washer | C131: Post_Front | D131: 2x1 | E131: 2 | F131: 906 | I131: T5 | J131: =E131*F131/1000 -> 1.812
A132: 128 | B132: Upper_Over_Washer | C132: Rail_Back_Bottom | D132: 2x1 | E132: 1 | F132: 589.8 | H132: cut back at pipe chase - see model | I132: T14 | J132: =E132*F132/1000 -> 0.5898
A133: 129 | B133: Upper_Over_Washer | C133: Rail_Back_Top | D133: 2x1 | E133: 1 | F133: 589.8 | H133: cut back at pipe chase - see model | I133: T14 | J133: =E133*F133/1000 -> 0.5898
A134: 130 | B134: Upper_Over_Washer | C134: Rail_Front_Bottom | D134: 2x1 | E134: 1 | F134: 589.8 | I134: T14 | J134: =E134*F134/1000 -> 0.5898
A135: 131 | B135: Upper_Over_Washer | C135: Rail_Front_Top | D135: 2x1 | E135: 1 | F135: 589.8 | I135: T14 | J135: =E135*F135/1000 -> 0.5898
A136: 132 | B136: Upper_Over_Washer | C136: Rail_Side_Bottom | D136: 2x1 | E136: 1 | F136: 204.4 | I136: T24 | J136: =E136*F136/1000 -> 0.2044
A137: 133 | B137: Upper_Over_Washer | C137: Rail_Side_Bottom | D137: 2x1 | E137: 1 | F137: 204.4 | H137: cut back at pipe chase - see model | I137: T24 | J137: =E137*F137/1000 -> 0.2044
A138: 134 | B138: Upper_Over_Washer | C138: Rail_Side_Top | D138: 2x1 | E138: 1 | F138: 204.4 | I138: T24 | J138: =E138*F138/1000 -> 0.2044
A139: 135 | B139: Upper_Over_Washer | C139: Rail_Side_Top | D139: 2x1 | E139: 1 | F139: 204.4 | H139: cut back at pipe chase - see model | I139: T24 | J139: =E139*F139/1000 -> 0.2044
A140: 136 | B140: Upper_Over_Washer | C140: Shelf_Support | D140: 2x1 | E140: 2 | F140: 306 | I140: T23 | J140: =E140*F140/1000 -> 0.612
A141: 137 | B141: Upper_Over_Washer | C141: Shelf_Support | D141: 2x1 | E141: 2 | F141: 306 | H141: cut back at pipe chase - see model | I141: T23 | J141: =E141*F141/1000 -> 0.612
A142: 138 | B142: Upper_Sink_870 | C142: Post_Back | D142: 2x1 | E142: 2 | F142: 906 | I142: T5 | J142: =E142*F142/1000 -> 1.812
A143: 139 | B143: Upper_Sink_870 | C143: Post_Front | D143: 2x1 | E143: 2 | F143: 906 | I143: T5, T6 | J143: =E143*F143/1000 -> 1.812
A144: 140 | B144: Upper_Sink_870 | C144: Rail_Back_Bottom | D144: 2x1 | E144: 1 | F144: 811.2 | I144: T9 | J144: =E144*F144/1000 -> 0.8112
A145: 141 | B145: Upper_Sink_870 | C145: Rail_Back_Top | D145: 2x1 | E145: 1 | F145: 811.2 | I145: T9 | J145: =E145*F145/1000 -> 0.8112
A146: 142 | B146: Upper_Sink_870 | C146: Rail_Front_Bottom | D146: 2x1 | E146: 1 | F146: 811.2 | I146: T9 | J146: =E146*F146/1000 -> 0.8112
A147: 143 | B147: Upper_Sink_870 | C147: Rail_Front_Top | D147: 2x1 | E147: 1 | F147: 811.2 | I147: T9 | J147: =E147*F147/1000 -> 0.8112
A148: 144 | B148: Upper_Sink_870 | C148: Rail_Side_Bottom | D148: 2x1 | E148: 2 | F148: 204.4 | I148: T24 | J148: =E148*F148/1000 -> 0.4088
A149: 145 | B149: Upper_Sink_870 | C149: Rail_Side_Top | D149: 2x1 | E149: 2 | F149: 204.4 | I149: T24 | J149: =E149*F149/1000 -> 0.4088
A150: 146 | B150: Washer_Bay | C150: Back_Rail | D150: 2x1 | E150: 1 | F150: 619.2 | I150: T14 | J150: =E150*F150/1000 -> 0.6192
A151: 147 | B151: Washer_Bay | C151: End_Panel_Rail | D151: 2x1 | E151: 3 | F151: 384.4 | I151: T19, T21 | J151: =E151*F151/1000 -> 1.1532
A152: 148 | B152: Washer_Bay | C152: End_Panel_Stud | D152: 2x1 | E152: 2 | F152: 876 | I152: T7 | J152: =E152*F152/1000 -> 1.752
A153: 149 | B153: Washer_Bay | C153: Panel_Stove_Side_Rail | D153: 2x1 | E153: 3 | F153: 508.4 | I153: T15, T16 | J153: =E153*F153/1000 -> 1.5252
... A155: 151 | B155: Washer_Bay | C155: Rail_Front | D155: 2x1 | E155: 1 | F155: 619.2 | I155: T14 | J155: =E155*F155/1000 -> 0.6192
A156: 152 | B156: Base_Racks_400 | C156: DrawerFront_Rail_Bottom | D156: Profile | E156: 3 | F156: 397 | H156: 45 deg both ends | I156: P4, P5 | J156: =E156*F156/1000 -> 1.191
A157: 153 | B157: Base_Racks_400 | C157: DrawerFront_Stile | D157: Profile | E157: 2 | F157: 146 | H157: 45 deg one end, square at the handle | I157: P6 | J157: =E157*F157/1000 -> 0.292
A158: 154 | B158: Base_Racks_400 | C158: DrawerFront_Stile | D158: Profile | E158: 2 | F158: 223.6 | H158: 45 deg one end, square at the handle | I158: P6 | J158: =E158*F158/1000 -> 0.4472
A159: 155 | B159: Base_Racks_400 | C159: DrawerFront_Stile | D159: Profile | E159: 2 | F159: 262.4 | H159: 45 deg one end, square at the handle | I159: P6 | J159: =E159*F159/1000 -> 0.5248
A160: 156 | B160: Base_Racks_400 | C160: Kick_Front_Rail_Bottom | D160: Profile | E160: 1 | F160: 397 | H160: 45 deg both ends | I160: P5 | J160: =E160*F160/1000 -> 0.397
A161: 157 | B161: Base_Racks_400 | C161: Kick_Front_Rail_Top | D161: Profile | E161: 1 | F161: 397 | H161: 45 deg both ends | I161: P5 | J161: =E161*F161/1000 -> 0.397
A162: 158 | B162: Base_Racks_400 | C162: Kick_Front_Stile | D162: Profile | E162: 2 | F162: 87 | H162: 45 deg both ends | I162: P6 | J162: =E162*F162/1000 -> 0.174
A163: 159 | B163: Base_Sink_870 | C163: Door_Rail_Bottom | D163: Profile | E163: 2 | F163: 432 | H163: 45 deg both ends | I163: P5 | J163: =E163*F163/1000 -> 0.864
A164: 160 | B164: Base_Sink_870 | C164: Door_Stile | D164: Profile | E164: 4 | F164: 728 | H164: 45 deg one end, square at the handle | I164: P3 | J164: =E164*F164/1000 -> 2.912
A165: 161 | B165: Base_Sink_870 | C165: Kick_Front_Rail_Bottom | D165: Profile | E165: 1 | F165: 867 | H165: 45 deg both ends | I165: P1 | J165: =E165*F165/1000 -> 0.867
A166: 162 | B166: Base_Sink_870 | C166: Kick_Front_Rail_Top | D166: Profile | E166: 1 | F166: 867 | H166: 45 deg both ends | I166: P1 | J166: =E166*F166/1000 -> 0.867
A167: 163 | B167: Base_Sink_870 | C167: Kick_Front_Stile | D167: Profile | E167: 2 | F167: 87 | H167: 45 deg both ends | I167: P6 | J167: =E167*F167/1000 -> 0.174
... A207: 203 | B207: Upper_Sink_870 | C207: Door_Handle_Rail | D207: Profile with handle | E207: 2 | F207: 432 | H207: square cut, full width | I207: H2 | J207: =E207*F207/1000 -> 0.864
A208: 204 | B208: Base_Racks_400 | C208: Back_Clad | D208: Cladding | E208: 1 | F208: 776 | G208: 392 | I208: C9 | K208: =E208*F208*G208/1000000 -> 0.304192
A209: 205 | B209: Base_Racks_400 | C209: Bottom_Clad | D209: Cladding | E209: 1 | F209: 586 | G209: 392 | I209: C12 | K209: =E209*F209*G209/1000000 -> 0.229712
A210: 206 | B210: Base_Racks_400 | C210: DrawerFront_Insert | D210: Cladding | E210: 1 | F210: 373 | G210: 142 | H210: in the profile groove | I210: C7 | K210: =E210*F210*G210/1000000 -> 0.052966
A211: 207 | B211: Base_Racks_400 | C211: DrawerFront_Insert | D211: Cladding | E211: 1 | F211: 373 | G211: 219.6 | H211: in the profile groove | I211: C8 | K211: =E211*F211*G211/1000000 -> 0.0819108
A212: 208 | B212: Base_Racks_400 | C212: DrawerFront_Insert | D212: Cladding | E212: 1 | F212: 373 | G212: 258.4 | H212: in the profile groove | I212: C13 | K212: =E212*F212*G212/1000000 -> 0.0963832
A213: 209 | B213: Base_Racks_400 | C213: Kick_Bottom_Clad | D213: Cladding | E213: 1 | F213: 400 | G213: 316.2 | I213: C13 | K213: =E213*F213*G213/1000000 -> 0.12648
A214: 210 | B214: Base_Racks_400 | C214: Kick_Front_Insert | D214: Cladding | E214: 1 | F214: 373 | G214: 63 | H214: in the profile groove | I214: C11 | K214: =E214*F214*G214/1000000 -> 0.023499
A215: 211 | B215: Base_Racks_400 | C215: Plinth_Back_Clad | D215: Cladding | E215: 1 | F215: 392 | G215: 100 | I215: C13 | K215: =E215*F215*G215/1000000 -> 0.0392
A216: 212 | B216: Base_Racks_400 | C216: Plinth_Side_Clad | D216: Cladding | E216: 2 | F216: 474 | G216: 100 | I216: C12 | K216: =E216*F216*G216/1000000 -> 0.0948
A217: 213 | B217: Base_Racks_400 | C217: Side_Clad | D217: Cladding | E217: 2 | F217: 776 | G217: 590 | I217: C9 | K217: =E217*F217*G217/1000000 -> 0.91568
A218: 214 | B218: Base_Sink_870 | C218: Bottom_Clad | D218: Cladding | E218: 1 | F218: 862 | G218: 590 | I218: C8 | K218: =E218*F218*G218/1000000 -> 0.50858
A219: 215 | B219: Base_Sink_870 | C219: Door_Insert | D219: Cladding | E219: 2 | F219: 724 | G219: 408 | H219: in the profile groove | I219: C11, C2 | K219: =E219*F219*G219/1000000 -> 0.590784
A220: 216 | B220: Base_Sink_870 | C220: Kick_Bottom_Clad | D220: Cladding | E220: 1 | F220: 786.2 | G220: 400 | I220: C2 | K220: =E220*F220*G220/1000000 -> 0.31448
A221: 217 | B221: Base_Sink_870 | C221: Kick_Front_Insert | D221: Cladding | E221: 1 | F221: 843 | G221: 63 | H221: in the profile groove | I221: C7 | K221: =E221*F221*G221/1000000 -> 0.053109
A222: 218 | B222: Base_Sink_870 | C222: Plinth_Back_Clad | D222: Cladding | E222: 1 | F222: 862 | G222: 100 | I222: C3 | K222: =E222*F222*G222/1000000 -> 0.0862
A223: 219 | B223: Base_Sink_870 | C223: Plinth_Side_Clad | D223: Cladding | E223: 2 | F223: 474 | G223: 100 | I223: C11, C2 | K223: =E223*F223*G223/1000000 -> 0.0948
A224: 220 | B224: Base_Sink_870 | C224: Side_Clad | D224: Cladding | E224: 2 | F224: 776 | G224: 590 | I224: C9 | K224: =E224*F224*G224/1000000 -> 0.91568
A225: 221 | B225: Island | C225: Island_Back_Panel_Clad | D225: Cladding | E225: 2 | F225: 1718.4 | G225: 876 | I225: C3, C4 | K225: =E225*F225*G225/1000000 -> 3.0106368
A226: 222 | B226: Island | C226: Island_End_Panel_Clad | D226: Cladding | E226: 4 | F226: 876 | G226: 643.4 | I226: C7, C8 | K226: =E226*F226*G226/1000000 -> 2.2544736
A227: 223 | B227: Island_1_Racks_473 | C227: Back_Clad | D227: Cladding | E227: 1 | F227: 776 | G227: 464.8 | I227: C11 | K227: =E227*F227*G227/1000000 -> 0.3606848
A228: 224 | B228: Island_1_Racks_473 | C228: Bottom_Clad | D228: Cladding | E228: 1 | F228: 586 | G228: 464.8 | I228: C12 | K228: =E228*F228*G228/1000000 -> 0.2723728
A229: 225 | B229: Island_1_Racks_473 | C229: DrawerFront_Insert | D229: Cladding | E229: 1 | F229: 445.8 | G229: 142 | H229: in the profile groove | I229: C13 | K229: =E229*F229*G229/1000000 -> 0.0633036
A230: 226 | B230: Island_1_Racks_473 | C230: DrawerFront_Insert | D230: Cladding | E230: 1 | F230: 445.8 | G230: 219.6 | H230: in the profile groove | I230: C13 | K230: =E230*F230*G230/1000000 -> 0.09789768
A231: 227 | B231: Island_1_Racks_473 | C231: DrawerFront_Insert | D231: Cladding | E231: 1 | F231: 445.8 | G231: 258.4 | H231: in the profile groove | I231: C13 | K231: =E231*F231*G231/1000000 -> 0.11519472
...

Sheet Bar Plan
A1: Bar cutting plan - 2x1, profile, profile with handle
A2: First-fit decreasing. 10 mm squared off each bar end, 3 mm blade. Cuts as 'Ref #: length'. Keep offcuts > 300 mm for corner cleats and repairs.
A4: Bar | B4: Material | C4: Stock mm | D4: Pieces | E4: Cuts (Ref #: length) | F4: Used mm | G4: Offcut mm
A5: T1 | B5: 2x1 | C5: 6400 | D5: 4 | E5: 99: 2286, 99: 2286, 103: 1038.8, 96: 760 | F5: 6379.8 | G5: =C5-F5-20 -> 0.2
A6: T2 | B6: 2x1 | C6: 6400 | D6: 4 | E6: 99: 2286, 100: 2286, 109: 906, 87: 891.2 | F6: 6378.2 | G6: =C6-F6-20 -> 1.8
A7: T3 | B7: 2x1 | C7: 6400 | D7: 4 | E7: 102: 2286, 102: 2286, 109: 906, 88: 891.2 | F7: 6378.2 | G7: =C7-F7-20 -> 1.8
A8: T4 | B8: 2x1 | C8: 6400 | D8: 5 | E8: 102: 2286, 104: 1919.4, 110: 906, 110: 906, 6: 341.2 | F8: 6370.6 | G8: =C8-F8-20 -> 9.4
A9: T5 | B9: 2x1 | C9: 6400 | D9: 7 | E9: 125: 906, 126: 906, 127: 906, 127: 906, 138: 906, 138: 906, 139: 906 | F9: 6360 | G9: =C9-F9-20 -> 20
A10: T6 | B10: 2x1 | C10: 6400 | D10: 8 | E10: 139: 906, 89: 891.2, 90: 891.2, 33: 876, 33: 876, 33: 876, 33: 876, 4: 100 | F10: 6313.4 | G10: =C10-F10-20 -> 66.6
A11: T7 | B11: 2x1 | C11: 6400 | D11: 8 | E11: 35: 876, 35: 876, 35: 876, 35: 876, 148: 876, 148: 876, 150: 876, 115: 204.4 | F11: 6357.4 | G11: =C11-F11-20 -> 22.6
A12: T8 | B12: 2x1 | C12: 6400 | D12: 8 | E12: 150: 876, 95: 840.4, 22: 811.2, 26: 811.2, 27: 811.2, 28: 811.2, 29: 811.2, 120: 561.2 | F12: 6354.6 | G12: =C12-F12-20 -> 25.4
A13: T9 | B13: 2x1 | C13: 6400 | D13: 8 | E13: 140: 811.2, 141: 811.2, 142: 811.2, 143: 811.2, 8: 772, 8: 772, 9: 772, 9: 772 | F13: 6353.8 | G13: =C13-F13-20 -> 26.2
A14: T10 | B14: 2x1 | C14: 6400 | D14: 9 | E14: 24: 772, 24: 772, 25: 772, 25: 772, 43: 772, 43: 772, 44: 772, 44: 772, 4: 100 | F14: 6300 | G14: =C14-F14-20 -> 80
A15: T11 | B15: 2x1 | C15: 6400 | D15: 9 | E15: 59: 772, 59: 772, 60: 772, 60: 772, 75: 772, 75: 772, 76: 772, 76: 772, 5: 100 | F15: 6300 | G15: =C15-F15-20 -> 80
A16: T12 | B16: 2x1 | C16: 6400 | D16: 9 | E16: 97: 760, 17: 735.4, 18: 735.4, 57: 714, 61: 714, 62: 714, 63: 714, 64: 714, 34: 541.8 | F16: 6366.6 | G16: =C16-F16-20 -> 13.4
... A36: H2 | B36: Profile with handle | C36: 6400 | D36: 11 | E36: 198: 469.8, 195: 432, 195: 432, 203: 432, 203: 432, 194: 397, 194: 397, 194: 397, 200: 397, 202: 321.3, 202: 321.3 | F36: 4458.4 | G36: =C36-F36-20 -> 1921.6

Sheet Cladding Layout
A1: Cladding nesting on 4x8 sheets (x, y from the sheet corner, mm) - see kitchen_alu_cutting_diagram.pdf
A2: Sheet 2440 x 1220, 5 mm edge trim, 4 mm blade, guillotine cuts.
A4: Sheet | B4: Ref # | C4: Module | D4: Part | E4: X | F4: Y | G4: Along 2440 | H4: Along 1220 | I4: Rotated
A5: C1 | B5: 261 | C5: Ref_Tower | D5: End_Panel_Ref_Clad | E5: 5 | F5: 5 | G5: 2286 | H5: 784
A6: C1 | B6: 239 | C6: Island_2_Induction_773 | D6: Plinth_Back_Clad | E6: 2295 | F6: 5 | G6: 100 | H6: 764.8 | I6: yes
A7: C1 | B7: 262 | C7: Ref_Tower | D7: Filler_Ref_Clad | E7: 5 | F7: 793 | G7: 2286 | H7: 30
A8: C1 | B8: 265 | C8: Scribe_Strips | D8: Crown_Uppers_Clad | E8: 5 | F8: 827 | G8: 1919.4 | H8: 50.8
A9: C1 | B9: 240 | C9: Island_2_Induction_773 | D9: Plinth_Side_Clad | E9: 1928 | F9: 827 | G9: 474 | H9: 100
A10: C1 | B10: 287 | C10: Upper_Over_Washer | D10: Side_Clad | E10: 5 | F10: 882 | G10: 914 | H10: 310
A11: C1 | B11: 292 | C11: Upper_Sink_870 | D11: Side_Clad | E11: 923 | F11: 882 | G11: 914 | H11: 310
A12: C1 | B12: 250 | C12: Island_3_Racks_473 | D12: Plinth_Side_Clad | E12: 1928 | F12: 931 | G12: 474 | H12: 100
A13: C1 | B13: 250 | C13: Island_3_Racks_473 | D13: Plinth_Side_Clad | E13: 1928 | F13: 1035 | G13: 474 | H13: 100
A14: C1 | B14: 229 | C14: Island_1_Racks_473 | D14: Kick_Front_Insert | E14: 1928 | F14: 1139 | G14: 445.8 | H14: 63
A15: C2 | B15: 263 | C15: Ref_Tower | D15: Tall_Panel_Clad | E15: 5 | F15: 5 | G15: 2286 | H15: 784
A16: C2 | B16: 219 | C16: Base_Sink_870 | D16: Plinth_Side_Clad | E16: 2295 | F16: 5 | G16: 100 | H16: 474 | I16: yes
A17: C2 | B17: 216 | C17: Base_Sink_870 | D17: Kick_Bottom_Clad | E17: 5 | F17: 793 | G17: 786.2 | H17: 400
A18: C2 | B18: 215 | C18: Base_Sink_870 | D18: Door_Insert | E18: 795 | F18: 793 | G18: 724 | H18: 408
A19: C2 | B19: 237 | C19: Island_2_Induction_773 | D19: Kick_Bottom_Clad | E19: 1523 | F19: 793 | G19: 689 | H19: 400
A20: C3 | B20: 221 | C20: Island | D20: Island_Back_Panel_Clad | E20: 5 | F20: 5 | G20: 1718.4 | H20: 876
A21: C3 | B21: 280 | C21: Upper_Over_Washer | D21: Back_Clad | E21: 1727 | F21: 5 | G21: 640.6 | H21: 914 | I21: yes
A22: C3 | B22: 264 | C22: Scribe_Strips | D22: Crown_Ref_Clad | E22: 5 | F22: 885 | G22: 1038.8 | H22: 50.8
A23: C3 | B23: 278 | C23: Upper_Hood_620 | D23: Side_Clad | E23: 1048 | F23: 885 | G23: 672 | H23: 310
A24: C3 | B24: 285 | C24: Upper_Over_Washer | D24: Shelf | E24: 1727 | F24: 923 | G24: 589.8 | H24: 286
A25: C3 | B25: 283 | C25: Upper_Over_Washer | D25: Pipe_Chase_Front_Clad | E25: 5 | F25: 940 | G25: 914 | H25: 153.4
A26: C3 | B26: 218 | C26: Base_Sink_870 | D26: Plinth_Back_Clad | E26: 5 | F26: 1097 | G26: 862 | H26: 100
A27: C4 | B27: 221 | C27: Island | D27: Island_Back_Panel_Clad | E27: 5 | F27: 5 | G27: 1718.4 | H27: 876
A28: C4 | B28: 292 | C28: Upper_Sink_870 | D28: Side_Clad | E28: 1727 | F28: 5 | G28: 310 | H28: 914 | I28: yes
A29: C4 | B29: 270 | C29: Upper_400 | D29: Door_Insert | E29: 2041 | F29: 5 | G29: 373 | H29: 862 | I29: yes
A30: C4 | B30: 269 | C30: Upper_400 | D30: Bottom_Clad | E30: 2041 | F30: 871 | G30: 392 | H30: 306
A31: C4 | B31: 286 | C31: Upper_Over_Washer | D31: Side_Clad | E31: 5 | F31: 885 | G31: 914 | H31: 310
A32: C4 | B32: 236 | C32: Island_2_Induction_773 | D32: DrawerFront_Insert | E32: 923 | F32: 885 | G32: 745.8 | H32: 276
A33: C5 | B33: 253 | C33: Over_Ref_Cabinet | D33: Bottom_Clad | E33: 5 | F33: 5 | G33: 942 | H33: 760
A34: C5 | B34: 260 | C34: Over_Ref_Cabinet | D34: Top_Clad | E34: 951 | F34: 5 | G34: 942 | H34: 760
A35: C5 | B35: 252 | C35: Over_Ref_Cabinet | D35: Back_Clad | E35: 1897 | F35: 5 | G35: 457 | H35: 942 | I35: yes
A36: C5 | B36: 235 | C36: Island_2_Induction_773 | D36: DrawerFront_Insert | E36: 2358 | F36: 5 | G36: 68 | H36: 745.8 | I36: yes
A37: C5 | B37: 268 | C37: Upper_400 | D37: Back_Clad | E37: 5 | F37: 769 | G37: 914 | H37: 392
A38: C5 | B38: 272 | C38: Upper_400 | D38: Side_Clad | E38: 951 | F38: 769 | G38: 914 | H38: 310
A39: C5 | B39: 231 | C39: Island_1_Racks_473 | D39: Plinth_Side_Clad | E39: 1897 | F39: 951 | G39: 474 | H39: 100
A40: C5 | B40: 240 | C40: Island_2_Induction_773 | D40: Plinth_Side_Clad | E40: 1897 | F40: 1055 | G40: 474 | H40: 100
A41: C5 | B41: 284 | C41: Upper_Over_Washer | D41: Pipe_Chase_Side_Clad | E41: 951 | F41: 1083 | G41: 914 | H41: 124
A42: C6 | B42: 289 | C42: Upper_Sink_870 | D42: Back_Clad | E42: 5 | F42: 5 | G42: 914 | H42: 862
A43: C6 | B43: 257 | C43: Over_Ref_Cabinet | D43: Shelf | E43: 923 | F43: 5 | G43: 891.2 | H43: 740
A44: C6 | B44: 295 | C44: Washer_Bay | D44: Panel_Stove_Side_Clad | E44: 1818 | F44: 5 | G44: 610 | H44: 876 | I44: yes
A45: C6 | B45: 291 | C45: Upper_Sink_870 | D45: Door_Insert | E45: 923 | F45: 749 | G45: 862 | H45: 408
A46: C6 | B46: 272 | C46: Upper_400 | D46: Side_Clad | E46: 5 | F46: 871 | G46: 914 | H46: 310
A47: C6 | B47: 275 | C47: Upper_Hood_620 | D47: Bottom_Clad | E47: 1818 | F47: 885 | G47: 612 | H47: 306
A48: C6 | B48: 266 | C48: Scribe_Strips | D48: Crown_Washer_Clad | E48: 923 | F48: 1161 | G48: 648.6 | H48: 50.8
A49: C7 | B49: 222 | C49: Island | D49: Island_End_Panel_Clad | E49: 5 | F49: 5 | G49: 876 | H49: 643.4
A50: C7 | B50: 222 | C50: Island | D50: Island_End_Panel_Clad | E50: 885 | F50: 5 | G50: 876 | H50: 643.4
A51: C7 | B51: 222 | C51: Island | D51: Island_End_Panel_Clad | E51: 1765 | F51: 5 | G51: 643.4 | H51: 876 | I51: yes
A52: C7 | B52: 294 | C52: Washer_Bay | D52: End_Panel_Clad | E52: 5 | F52: 652 | G52: 876 | H52: 486
A53: C7 | B53: 291 | C53: Upper_Sink_870 | D53: Door_Insert | E53: 885 | F53: 652 | G53: 862 | H53: 408
A54: C7 | B54: 281 | C54: Upper_Over_Washer | D54: Bottom_Clad | E54: 1765 | F54: 885 | G54: 640.6 | H54: 306
A55: C7 | B55: 231 | C55: Island_1_Racks_473 | D55: Plinth_Side_Clad | E55: 885 | F55: 1064 | G55: 474 | H55: 100
A56: C7 | B56: 206 | C56: Base_Racks_400 | D56: DrawerFront_Insert | E56: 1363 | F56: 1064 | G56: 373 | H56: 142
A57: C7 | B57: 217 | C57: Base_Sink_870 | D57: Kick_Front_Insert | E57: 5 | F57: 1142 | G57: 843 | H57: 63
A58: C8 | B58: 222 | C58: Island | D58: Island_End_Panel_Clad | E58: 5 | F58: 5 | G58: 876 | H58: 643.4
A59: C8 | B59: 214 | C59: Base_Sink_870 | D59: Bottom_Clad | E59: 885 | F59: 5 | G59: 862 | H59: 590
A60: C8 | B60: 282 | C60: Upper_Over_Washer | D60: Door_Insert | E60: 1751 | F60: 5 | G60: 297.3 | H60: 862 | I60: yes
A61: C8 | B61: 236 | C61: Island_2_Induction_773 | D61: DrawerFront_Insert | E61: 2052 | F61: 5 | G61: 276 | H61: 745.8 | I61: yes
A62: C8 | B62: 238 | C62: Island_2_Induction_773 | D62: Kick_Front_Insert | E62: 2332 | F62: 5 | G62: 63 | H62: 745.8 | I62: yes
A63: C8 | B63: 293 | C63: Upper_Sink_870 | D63: Top_Clad | E63: 885 | F63: 599 | G63: 862 | H63: 306
A64: C8 | B64: 290 | C64: Upper_Sink_870 | D64: Bottom_Clad | E64: 5 | F64: 652 | G64: 862 | H64: 306
A65: C8 | B65: 255 | C65: Over_Ref_Cabinet | D65: Pipe_Chase_Front_Clad | E65: 2052 | F65: 755 | G65: 133.4 | H65: 457 | I65: yes
A66: C8 | B66: 256 | C66: Over_Ref_Cabinet | D66: Pipe_Chase_Side_Clad | E66: 2190 | F66: 755 | G66: 124 | H66: 457 | I66: yes
A67: C8 | B67: 271 | C67: Upper_400 | D67: Shelf | E67: 1751 | F67: 871 | G67: 286 | H67: 341.2 | I67: yes
A68: C8 | B68: 282 | C68: Upper_Over_Washer | D68: Door_Insert | E68: 885 | F68: 909 | G68: 862 | H68: 297.3
A69: C8 | B69: 230 | C69: Island_1_Racks_473 | D69: Plinth_Back_Clad | E69: 5 | F69: 962 | G69: 464.8 | H69: 100
A70: C8 | B70: 207 | C70: Base_Racks_400 | D70: DrawerFront_Insert | E70: 474 | F70: 962 | G70: 373 | H70: 219.6
A71: C8 | B71: 249 | C71: Island_3_Racks_473 | D71: Plinth_Back_Clad | E71: 5 | F71: 1066 | G71: 464.8 | H71: 100
A72: C9 | B72: 233 | C72: Island_2_Induction_773 | D72: Back_Clad | E72: 5 | F72: 5 | G72: 776 | H72: 764.8
A73: C9 | B73: 213 | C73: Base_Racks_400 | D73: Side_Clad | E73: 785 | F73: 5 | G73: 776 | H73: 590
A74: C9 | B74: 220 | C74: Base_Sink_870 | D74: Side_Clad | E74: 1565 | F74: 5 | G74: 776 | H74: 590
A75: C9 | B75: 213 | C75: Base_Racks_400 | D75: Side_Clad | E75: 785 | F75: 599 | G75: 776 | H75: 590
A76: C9 | B76: 220 | C76: Base_Sink_870 | D76: Side_Clad | E76: 1565 | F76: 599 | G76: 776 | H76: 590
A77: C9 | B77: 204 | C77: Base_Racks_400 | D77: Back_Clad | E77: 5 | F77: 774 | G77: 776 | H77: 392
A78: C10 | B78: 232 | C78: Island_1_Racks_473 | D78: Side_Clad | E78: 5 | F78: 5 | G78: 776 | H78: 590
A79: C10 | B79: 241 | C79: Island_2_Induction_773 | D79: Side_Clad | E79: 785 | F79: 5 | G79: 776 | H79: 590
... A86: C11 | B86: 259 | C86: Over_Ref_Cabinet | D86: Side_Clad | E86: 1554 | F86: 5 | G86: 764 | H86: 457
A87: C11 | B87: 210 | C87: Base_Racks_400 | D87: Kick_Front_Insert | E87: 2322 | F87: 5 | G87: 63 | H87: 373 | I87: yes
A88: C11 | B88: 215 | C88: Base_Sink_870 | D88: Door_Insert | E88: 1554 | F88: 466 | G88: 724 | H88: 408
A89: C11 | B89: 242 | C89: Island_3_Racks_473 | D89: Back_Clad | E89: 5 | F89: 474 | G89: 776 | H89: 464.8
A90: C11 | B90: 258 | C90: Over_Ref_Cabinet | D90: Side_Clad | E90: 785 | F90: 595 | G90: 764 | H90: 457
A91: C11 | B91: 278 | C91: Upper_Hood_620 | D91: Side_Clad | E91: 1554 | F91: 878 | G91: 672 | H91: 310
A92: C11 | B92: 277 | C92: Upper_Hood_620 | D92: Shelf | E92: 5 | F92: 943 | G92: 561.2 | H92: 185.2
A93: C11 | B93: 219 | C93: Base_Sink_870 | D93: Plinth_Side_Clad | E93: 785 | F93: 1056 | G93: 474 | H93: 100
A94: C11 | B94: 248 | C94: Island_3_Racks_473 | D94: Kick_Front_Insert | E94: 5 | F94: 1132 | G94: 445.8 | H94: 63
A95: C12 | B95: 274 | C95: Upper_Hood_620 | D95: Back_Clad | E95: 5 | F95: 5 | G95: 672 | H95: 612
A96: C12 | B96: 276 | C96: Upper_Hood_620 | D96: Door_Insert | E96: 681 | F96: 5 | G96: 620 | H96: 593
A97: C12 | B97: 267 | C97: Stove_Bay | D97: Platform_Top_Clad | E97: 1305 | F97: 5 | G97: 609.6 | H97: 609.6
A98: C12 | B98: 224 | C98: Island_1_Racks_473 | D98: Bottom_Clad | E98: 1919 | F98: 5 | G98: 464.8 | H98: 586 | I98: yes
A99: C12 | B99: 279 | C99: Upper_Hood_620 | D99: Top_Clad | E99: 681 | F99: 602 | G99: 612 | H99: 306
A100: C12 | B100: 243 | C100: Island_3_Racks_473 | D100: Bottom_Clad | E100: 1305 | F100: 619 | G100: 586 | H100: 464.8
A101: C12 | B101: 205 | C101: Base_Racks_400 | D101: Bottom_Clad | E101: 1895 | F101: 619 | G101: 392 | H101: 586 | I101: yes
A102: C12 | B102: 212 | C102: Base_Racks_400 | D102: Plinth_Side_Clad | E102: 2291 | F102: 619 | G102: 100 | H102: 474 | I102: yes
A103: C12 | B103: 288 | C103: Upper_Over_Washer | D103: Top_Clad | E103: 5 | F103: 621 | G103: 640.6 | H103: 306
A104: C12 | B104: 285 | C104: Upper_Over_Washer | D104: Shelf | E104: 681 | F104: 912 | G104: 589.8 | H104: 286
A105: C12 | B105: 277 | C105: Upper_Hood_620 | D105: Shelf | E105: 5 | F105: 931 | G105: 561.2 | H105: 185.2
A106: C12 | B106: 212 | C106: Base_Racks_400 | D106: Plinth_Side_Clad | E106: 1305 | F106: 1087 | G106: 474 | H106: 100
A107: C13 | B107: 254 | C107: Over_Ref_Cabinet | D107: Door_Insert | E107: 5 | F107: 5 | G107: 448 | H107: 405
...
