Workbook

Sheet Summary
A1: Kitchen v2 - Cut list & materials summary
A2: Material: 3/4" PVC board (18 mm) for every cabinet panel; 6 mm PVC for toe-kick drawer bottoms.
A4: Item | B4: Value | C4: Unit | D4: Basis
A5: PVC 18 mm pieces | B5: =SUMIFS('Cut List'!$D$5:$D$154,'Cut List'!$H$5:$H$154,"PVC board 18 mm") -> 144 | C5: pcs | D5: Cut List
A6: PVC 18 mm part area | B6: =SUMIFS('Cut List'!$I$5:$I$154,'Cut List'!$H$5:$H$154,"PVC board 18 mm") -> 32.564857 | C6: m² | D6: Cut List
A7: PVC 18 mm sheets (4x8) | B7: 12 | C7: sheets | D7: Nested by make_kitchen_cutlist.py (4 mm kerf, 5 mm trim) - see Sheet Layout / PDF
A8: PVC 18 mm sheet yield | B8: =B6/(B7*2.44*1.22) -> 0.91162931 | C8: % | D8: part area / sheet area
A9: PVC 6 mm pieces | B9: =SUMIFS('Cut List'!$D$5:$D$154,'Cut List'!$H$5:$H$154,"PVC board 6 mm") -> 5 | C9: pcs | D9: Cut List
A10: PVC 6 mm sheets (4x8) | B10: 1 | C10: sheets | D10: Nested (toe-kick drawer bottoms)
A11: Countertop pieces | B11: =SUMIFS('Cut List'!$D$5:$D$154,'Cut List'!$H$5:$H$154,"Countertop 38 mm") -> 3 | C11: pcs | D11: Fabricator templates on site
A12: Hinges | B12: ='Fronts & Hinges'!H32 -> 25 | C12: pcs | D12: Fronts & Hinges sheet
A15: Tip: buy 1 spare 18 mm sheet for cutting mistakes and future repairs.

Sheet Materials
A1: List of materials
A2: Quantities in black are formulas; blue are counts taken from the model or rules of thumb (see Basis). Add a Unit Price column for your supplier quotes.
A4: Category | B4: Item | C4: Specification | D4: Qty | E4: Unit | F4: Basis / note
A5: Board | B5: PVC board 3/4" (18 mm), 4x8 ft | C5: 1220 x 2440 x 18 | D5: =Summary!B7 -> 12 | E5: sheets | F5: Nested sheets (Summary). +1 spare recommended
A6: Board | B6: PVC board 6 mm, 4x8 ft | C6: 1220 x 2440 x 6 | D6: =Summary!B10 -> 1 | E6: sheets | F6: Toe-kick drawer bottoms; offcuts usable for small parts
A7: Countertop | B7: Countertop - Island | C7: 1726 x 953 x 38, solid surface / granite, cooktop cut-out 700x400 | D7: 1 | E7: pc | F7: Solid surface / granite / quartz; fabricator measures on site
A8: Countertop | B8: Countertop - Sink_Counter | C8: 1300 x 635 x 38, solid surface / granite, sink cut-out 770x420 | D8: 1 | E8: pc | F8: Solid surface / granite / quartz; fabricator measures on site
A9: Countertop | B9: Countertop - Washer_Bay | C9: 671 x 635 x 38, solid surface / granite, corner notch 144x144 for pipe | D9: 1 | E9: pc | F9: Solid surface / granite / quartz; fabricator measures on site
A10: Fittings | B10: Concealed hinge 35 mm, soft-close, clip-on | C10: full overlay | D10: =Summary!B12 -> 25 | E10: pcs | F10: Fronts & Hinges sheet
A11: Fittings | B11: Handles or push-to-open latches | C11: per door / drawer front | D11: ='Fronts & Hinges'!I32 -> 22 | E11: pcs | F11: Toe-kick drawers excluded (push-to-open runners)
A12: Fasteners | B12: Screws for PVC board (confirmat 7x50 or 4x40 coarse-thread) | C12: carcass joints | D12: =ROUND(4*Summary!B5,-1) -> 580 | E12: pcs | F12: ~4 per panel (rule of thumb); pre-drill PVC
A13: Fasteners | B13: Short screws 4x16 (hinges, runners, rails) | C13: fittings | D13: =8*Summary!B12+12*SUMIFS(D:D,B:B,"*runner pair*") -> 404 | E13: pcs | F13: 4 per hinge plate+cup, 6 per runner side
A14: Wall mount | B14: Wall-cabinet hanging bracket (adjustable) + rail | C14: pair per cabinet | D14: 10 | E14: pcs | F14: 5 wall cabinets in the model x 2
A15: Wall mount | B15: Masonry anchors / screws 8 mm | C15: for brackets + rails | D15: 20 | E15: pcs | F15: 2 per bracket
A16: Finishing | B16: PVC edge band 22 mm (optional) | C16: door / drawer front edges | D16: =ROUNDUP('Fronts & Hinges'!J32*1.1,0) -> 55 | E16: m | F16: PVC board edges can stay bare; +10% waste
A17: Finishing | B17: Neutral-cure silicone, white/clear | C17: sink, countertop joints, backsplash | D17: 3 | E17: tubes | F17: rule of thumb
A18: Fittings | B18: Shelf pins (5 mm, 32 mm system) | D18: 24 | E18: pcs | F18: Over_Ref_Cabinet, Upper_400, Upper_Hood_620, Upper_Over_Washer
A19: Racks & runners | B19: Toe-kick drawer runner pair 400 mm, low profile, push-to-open | D19: 5 | E19: pcs | F19: Base_Racks_400, Base_Sink_900, Island_1_Racks_450, Island_2_Induction_750, Island_3_Racks_450
A20: Racks & runners | B20: Under-sink pull-out tray (door-mounted cabinet) | C20: 839 W x 450 D x 120 H | D20: 1 | E20: pcs | F20: Base_Sink_900
A21: Racks & runners | B21: Full-extension soft-close runner pair, 450 mm | D21: 1 | E21: pcs | F21: Base_Sink_900
A22: Racks & runners | B22: Pot / pan basket (400 cabinet size, 364 clear, 500 runners) | C22: 339 W x 500 D x 200 H | D22: 1 | E22: pcs | F22: Base_Racks_400
A23: Racks & runners | B23: Full-extension soft-close runner pair, 500 mm | D23: 11 | E23: pcs | F23: Base_Racks_400, Island_1_Racks_450, Island_2_Induction_750, Island_3_Racks_450
A24: Racks & runners | B24: Bowl + plate basket (400 cabinet size, 364 clear, 500 runners) | C24: 339 W x 500 D x 150 H | D24: 1 | E24: pcs | F24: Base_Racks_400
A25: Racks & runners | B25: Cutlery / utensil tray (400 cabinet size, 364 clear, 500 runners) | C25: 339 W x 500 D x 70 H | D25: 1 | E25: pcs | F25: Base_Racks_400
A26: Appliance fit | B26: Flat duct 204x60 + 150 round-to-flat adapter, up the cabinet back to the ceiling (cut-out in the cabinet top) | D26: 1 | E26: pcs | F26: Upper_Hood_620
A27: Appliance fit | B27: Built-in telescopic range hood 60 cm (body <= 560 W for a 584 clear cabinet), ducted, 150 outlet | C27: 560 W x 280 D x 180 H | D27: 1 | E27: pcs | F27: Upper_Hood_620
A28: Finishing | B28: Paint / wrap the exposed pipe (counter -> wall cabinet) to match the backsplash | C28: 458 H section | D28: 1 | E28: lot | F28: Washer_Bay
A29: Racks & runners | B29: Dish drainer drip tray | C29: 854 W x 274 D x 25 H | D29: 1 | E29: pcs | F29: Upper_Sink_900
A30: Racks & runners | B30: Dish drainer, plate tier (900 cabinet) | C30: 854 W x 274 D x 120 H | D30: 1 | E30: pcs | F30: Upper_Sink_900
A31: Racks & runners | B31: Dish drainer, cup / bowl tier (900 cabinet) | C31: 854 W x 274 D x 80 H | D31: 1 | E31: pcs | F31: Upper_Sink_900
A32: Racks & runners | B32: Pot / pan basket (450 cabinet size, 414 clear, 500 runners) | C32: 389 W x 500 D x 200 H | D32: 2 | E32: pcs | F32: Island_1_Racks_450, Island_3_Racks_450
A33: Racks & runners | B33: Bowl + plate basket (450 cabinet size, 414 clear, 500 runners) | C33: 389 W x 500 D x 150 H | D33: 2 | E33: pcs | F33: Island_1_Racks_450, Island_3_Racks_450
A34: Racks & runners | B34: Cutlery / utensil tray (450 cabinet size, 414 clear, 500 runners) | C34: 389 W x 500 D x 70 H | D34: 2 | E34: pcs | F34: Island_1_Racks_450, Island_3_Racks_450
A35: Racks & runners | B35: Deep pot basket (750 cabinet size, 714 clear, 500 runners) | C35: 689 W x 500 D x 250 H | D35: 1 | E35: pcs | F35: Island_2_Induction_750
A36: Racks & runners | B36: Pot / pan basket (750 cabinet size, 714 clear, 500 runners) | C36: 689 W x 500 D x 200 H | D36: 1 | E36: pcs | F36: Island_2_Induction_750
A37: Appliance fit | B37: Vent grille / 6 mm gap behind the top fixed front (induction air) | D37: 1 | E37: pcs | F37: Island_2_Induction_750
A38: Electrical | B38: Induction power: dedicated circuit in floor conduit to the island | D38: 1 | E38: pcs | F38: Island
A39: Lighting | B39: Ch1 under-cabinet: 24 V COB LED strip 4000K 10 W/m + Al profile 16x7 with diffuser | D39: 1.81 | E39: m | F39: Lighting_LED
A40: Lighting | B40: Ch1 under-cabinet: 24 V LED driver 30 W | D40: 1 | E40: pcs | F40: Lighting_LED
A41: Lighting | B41: Ch2 toe-kick wall run: 24 V COB LED strip 4000K 10 W/m + Al profile 16x7 with diffuser | D41: 1.29 | E41: m | F41: Lighting_LED
A42: Lighting | B42: Ch2 toe-kick wall run: 24 V LED driver 20 W | D42: 1 | E42: pcs | F42: Lighting_LED
A43: Lighting | B43: Ch3 toe-kick island: 24 V COB LED strip 4000K 10 W/m + Al profile 16x7 with diffuser | D43: 1.64 | E43: m | F43: Lighting_LED
A44: Lighting | B44: Ch3 toe-kick island: 24 V LED driver 30 W | D44: 1 | E44: pcs | F44: Lighting_LED
A45: Lighting | B45: Wall switch (backsplash) for the under-cabinet lights | D45: 1 | E45: pcs | F45: Lighting_LED
A46: Lighting | B46: PIR motion sensor for 24 V strip (toe-kick) | D46: 2 | E46: pcs | F46: Lighting_LED
A47: Lighting | B47: 24 V cable 2 x 0.75 mm2 (+20% spare) | D47: 9.2 | E47: m | F47: Lighting_LED
A48: Lighting | B48: 230 V feed to drivers / switch (electrician, in conduit) | D48: 7.4 | E48: m | F48: Lighting_LED
A49: Lighting | B49: Cable grommets 10 mm (cabinet top / bottom / carcass holes) | D49: 8 | E49: pcs | F49: Lighting_LED

Sheet Cut List
A1: Kitchen v2 - Cut List (all sizes in mm, finished size, no edge allowance)
A2: From build_kitchen_v2.py. PVC has no grain: parts may be rotated on the sheet. 'Notched' parts: cut the full rectangle, then the notch shown in the FreeCAD model.
A4: Ref # | B4: Module | C4: Part | D4: Qty | E4: Length | F4: Width | G4: Thickness | H4: Material | I4: Area m² | J4: Note | K4: On sheet(s)
A5: 1 | B5: Base_Racks_400 | C5: Back | D5: 1 | E5: 776 | F5: 400 | G5: 18 | H5: PVC board 18 mm | I5: =D5*E5*F5/1000000 -> 0.3104 | K5: A9
A6: 2 | B6: Base_Racks_400 | C6: Bottom | D6: 1 | E6: 574 | F6: 364 | G6: 18 | H6: PVC board 18 mm | I6: =D6*E6*F6/1000000 -> 0.208936 | K6: A11
A7: 3 | B7: Base_Racks_400 | C7: DrawerFront_1 | D7: 1 | E7: 397 | F7: 307.4 | G7: 18 | H7: PVC board 18 mm | I7: =D7*E7*F7/1000000 -> 0.1220378 | K7: A12
A8: 4 | B8: Base_Racks_400 | C8: DrawerFront_2 | D8: 1 | E8: 397 | F8: 268.6 | G8: 18 | H8: PVC board 18 mm | I8: =D8*E8*F8/1000000 -> 0.1066342 | K8: A12
A9: 5 | B9: Base_Racks_400 | C9: DrawerFront_3 | D9: 1 | E9: 397 | F9: 191 | G9: 18 | H9: PVC board 18 mm | I9: =D9*E9*F9/1000000 -> 0.075827 | K9: A12
A10: 6 | B10: Base_Racks_400 | C10: Kick_Back | D10: 1 | E10: 303 | F10: 73 | G10: 18 | H10: PVC board 18 mm | I10: =D10*E10*F10/1000000 -> 0.022119 | K10: A12
A11: 7 | B11: Base_Racks_400 | C11: Kick_DrawerFront | D11: 1 | E11: 397 | F11: 87 | G11: 18 | H11: PVC board 18 mm | I11: =D11*E11*F11/1000000 -> 0.034539 | K11: A12
A12: 8 | B12: Base_Racks_400 | C12: Kick_Inner_Front | D12: 1 | E12: 303 | F12: 73 | G12: 18 | H12: PVC board 18 mm | I12: =D12*E12*F12/1000000 -> 0.022119 | K12: A10
A13: 9 | B13: Base_Racks_400 | C13: Kick_Side_A | D13: 1 | E13: 400 | F13: 73 | G13: 18 | H13: PVC board 18 mm | I13: =D13*E13*F13/1000000 -> 0.0292 | K13: A9
A14: 10 | B14: Base_Racks_400 | C14: Kick_Side_B | D14: 1 | E14: 400 | F14: 73 | G14: 18 | H14: PVC board 18 mm | I14: =D14*E14*F14/1000000 -> 0.0292 | K14: A1
A15: 11 | B15: Base_Racks_400 | C15: Plinth_Back | D15: 1 | E15: 400 | F15: 100 | G15: 18 | H15: PVC board 18 mm | I15: =D15*E15*F15/1000000 -> 0.04 | K15: A12
A16: 12 | B16: Base_Racks_400 | C16: Plinth_Side_A | D16: 1 | E16: 454 | F16: 100 | G16: 18 | H16: PVC board 18 mm | I16: =D16*E16*F16/1000000 -> 0.0454 | K16: A10
... A90: 86 | B90: Island_3_Racks_450 | C90: Stretcher_Front | D90: 1 | E90: 414 | F90: 100 | G90: 18 | H90: PVC board 18 mm | I90: =D90*E90*F90/1000000 -> 0.0414 | K90: A12
A91: 87 | B91: Over_Ref_Cabinet | C91: Back | D91: 1 | E91: 950 | F91: 457 | G91: 18 | H91: PVC board 18 mm | I91: =D91*E91*F91/1000000 -> 0.43415 | J91: notched for pipe - see model | K91: A3
A92: 88 | B92: Over_Ref_Cabinet | C92: Bottom | D92: 1 | E92: 914 | F92: 748 | G92: 18 | H92: PVC board 18 mm | I92: =D92*E92*F92/1000000 -> 0.683672 | J92: notched for pipe - see model | K92: A4
A93: 89 | B93: Over_Ref_Cabinet | C93: Door_1 | D93: 1 | E93: 472 | F93: 454 | G93: 18 | H93: PVC board 18 mm | I93: =D93*E93*F93/1000000 -> 0.214288 | K93: A11
A94: 90 | B94: Over_Ref_Cabinet | C94: Door_2 | D94: 1 | E94: 472 | F94: 454 | G94: 18 | H94: PVC board 18 mm | I94: =D94*E94*F94/1000000 -> 0.214288 | K94: A12
A95: 91 | B95: Over_Ref_Cabinet | C95: Pipe_Chase_Front | D95: 1 | E95: 457 | F95: 122 | G95: 18 | H95: PVC board 18 mm | I95: =D95*E95*F95/1000000 -> 0.055754 | K95: A10
A96: 92 | B96: Over_Ref_Cabinet | C96: Pipe_Chase_Side | D96: 1 | E96: 457 | F96: 124 | G96: 18 | H96: PVC board 18 mm | I96: =D96*E96*F96/1000000 -> 0.056668 | K96: A11
A97: 93 | B97: Over_Ref_Cabinet | C97: Shelf_1 | D97: 1 | E97: 914 | F97: 710 | G97: 18 | H97: PVC board 18 mm | I97: =D97*E97*F97/1000000 -> 0.64894 | J97: notched for pipe - see model | K97: A5
A98: 94 | B98: Over_Ref_Cabinet | C98: Side_A | D98: 1 | E98: 748 | F98: 457 | G98: 18 | H98: PVC board 18 mm | I98: =D98*E98*F98/1000000 -> 0.341836 | J98: notched for pipe - see model | K98: A10
A99: 95 | B99: Over_Ref_Cabinet | C99: Side_B | D99: 1 | E99: 748 | F99: 457 | G99: 18 | H99: PVC board 18 mm | I99: =D99*E99*F99/1000000 -> 0.341836 | K99: A10
A100: 96 | B100: Over_Ref_Cabinet | C100: Top | D100: 1 | E100: 914 | F100: 748 | G100: 18 | H100: PVC board 18 mm | I100: =D100*E100*F100/1000000 -> 0.683672 | J100: notched for pipe - see model | K100: A5
A101: 97 | B101: Ref_Tower | C101: End_Panel_Ref | D101: 1 | E101: 2286 | F101: 784 | G101: 18 | H101: PVC board 18 mm | I101: =D101*E101*F101/1000000 -> 1.792224 | K101: A1
A102: 98 | B102: Ref_Tower | C102: Filler_Ref | D102: 1 | E102: 2286 | F102: 30 | G102: 18 | H102: PVC board 18 mm | I102: =D102*E102*F102/1000000 -> 0.06858 | K102: A1
A103: 99 | B103: Ref_Tower | C103: Tall_Panel | D103: 1 | E103: 2286 | F103: 784 | G103: 18 | H103: PVC board 18 mm | I103: =D103*E103*F103/1000000 -> 1.792224 | K103: A2
A104: 100 | B104: Scribe_Strips | C104: Crown_Ref | D104: 1 | E104: 1016 | F104: 50.8 | G104: 18 | H104: PVC board 18 mm | I104: =D104*E104*F104/1000000 -> 0.0516128 | K104: A3
A105: 101 | B105: Scribe_Strips | C105: Crown_Uppers | D105: 1 | E105: 1938 | F105: 50.8 | G105: 18 | H105: PVC board 18 mm | I105: =D105*E105*F105/1000000 -> 0.0984504 | K105: A1
A106: 102 | B106: Scribe_Strips | C106: Crown_Washer | D106: 1 | E106: 652.8 | F106: 50.8 | G106: 18 | H106: PVC board 18 mm | I106: =D106*E106*F106/1000000 -> 0.03316224 | K106: A8
A107: 103 | B107: Stove_Bay | C107: Stove_Platform_Riser | D107: 3 | E107: 609.6 | F107: 46 | G107: 18 | H107: PVC board 18 mm | I107: =D107*E107*F107/1000000 -> 0.0841248 | J107: under the platform top | K107: A8, A9
A108: 104 | B108: Stove_Bay | C108: Stove_Platform_Top | D108: 1 | E108: 609.6 | F108: 609.6 | G108: 18 | H108: PVC board 18 mm | I108: =D108*E108*F108/1000000 -> 0.37161216 | J108: platform 64 H total | K108: A11
A109: 105 | B109: Upper_400 | C109: Back | D109: 1 | E109: 914 | F109: 400 | G109: 18 | H109: PVC board 18 mm | I109: =D109*E109*F109/1000000 -> 0.3656 | K109: A4
A110: 106 | B110: Upper_400 | C110: Bottom | D110: 1 | E110: 364 | F110: 294 | G110: 18 | H110: PVC board 18 mm | I110: =D110*E110*F110/1000000 -> 0.107016 | K110: A12
A111: 107 | B111: Upper_400 | C111: Door_1 | D111: 1 | E111: 911 | F111: 397 | G111: 18 | H111: PVC board 18 mm | I111: =D111*E111*F111/1000000 -> 0.361667 | K111: A2
A112: 108 | B112: Upper_400 | C112: Shelf_1 | D112: 1 | E112: 364 | F112: 256 | G112: 18 | H112: PVC board 18 mm | I112: =D112*E112*F112/1000000 -> 0.093184 | K112: A3
A113: 109 | B113: Upper_400 | C113: Shelf_2 | D113: 1 | E113: 364 | F113: 256 | G113: 18 | H113: PVC board 18 mm | I113: =D113*E113*F113/1000000 -> 0.093184 | K113: A12
A114: 110 | B114: Upper_400 | C114: Side_A | D114: 1 | E114: 914 | F114: 294 | G114: 18 | H114: PVC board 18 mm | I114: =D114*E114*F114/1000000 -> 0.268716 | K114: A4
A115: 111 | B115: Upper_400 | C115: Side_B | D115: 1 | E115: 914 | F115: 294 | G115: 18 | H115: PVC board 18 mm | I115: =D115*E115*F115/1000000 -> 0.268716 | K115: A3
A116: 112 | B116: Upper_400 | C116: Top | D116: 1 | E116: 364 | F116: 294 | G116: 18 | H116: PVC board 18 mm | I116: =D116*E116*F116/1000000 -> 0.107016 | K116: A12
A117: 113 | B117: Upper_Hood_620 | C117: Back | D117: 1 | E117: 672 | F117: 620 | G117: 18 | H117: PVC board 18 mm | I117: =D117*E117*F117/1000000 -> 0.41664 | K117: A11
A118: 114 | B118: Upper_Hood_620 | C118: Bottom | D118: 1 | E118: 584 | F118: 294 | G118: 18 | H118: PVC board 18 mm | I118: =D118*E118*F118/1000000 -> 0.171696 | J118: hood cut-out - see model | K118: A4
A119: 115 | B119: Upper_Hood_620 | C119: Door_1 | D119: 1 | E119: 669 | F119: 617 | G119: 18 | H119: PVC board 18 mm | I119: =D119*E119*F119/1000000 -> 0.412773 | K119: A11
A120: 116 | B120: Upper_Hood_620 | C120: Shelf_1 | D120: 1 | E120: 584 | F120: 224 | G120: 18 | H120: PVC board 18 mm | I120: =D120*E120*F120/1000000 -> 0.130816 | K120: A11
A121: 117 | B121: Upper_Hood_620 | C121: Shelf_2 | D121: 1 | E121: 584 | F121: 224 | G121: 18 | H121: PVC board 18 mm | I121: =D121*E121*F121/1000000 -> 0.130816 | K121: A2
A122: 118 | B122: Upper_Hood_620 | C122: Side_A | D122: 1 | E122: 672 | F122: 294 | G122: 18 | H122: PVC board 18 mm | I122: =D122*E122*F122/1000000 -> 0.197568 | K122: A7
A123: 119 | B123: Upper_Hood_620 | C123: Side_B | D123: 1 | E123: 672 | F123: 294 | G123: 18 | H123: PVC board 18 mm | I123: =D123*E123*F123/1000000 -> 0.197568 | K123: A10
A124: 120 | B124: Upper_Hood_620 | C124: Top | D124: 1 | E124: 584 | F124: 294 | G124: 18 | H124: PVC board 18 mm | I124: =D124*E124*F124/1000000 -> 0.171696 | K124: A5
A125: 121 | B125: Upper_Over_Washer | C125: Back | D125: 1 | E125: 914 | F125: 652.8 | G125: 18 | H125: PVC board 18 mm | I125: =D125*E125*F125/1000000 -> 0.5966592 | J125: notched for pipe - see model | K125: A6
A126: 122 | B126: Upper_Over_Washer | C126: Bottom | D126: 1 | E126: 616.8 | F126: 294 | G126: 18 | H126: PVC board 18 mm | I126: =D126*E126*F126/1000000 -> 0.1813392 | J126: notched for pipe - see model | K126: A3
A127: 123 | B127: Upper_Over_Washer | C127: Door_1 | D127: 1 | E127: 911 | F127: 323.4 | G127: 18 | H127: PVC board 18 mm | I127: =D127*E127*F127/1000000 -> 0.2946174 | K127: A1
A128: 124 | B128: Upper_Over_Washer | C128: Door_2 | D128: 1 | E128: 911 | F128: 323.4 | G128: 18 | H128: PVC board 18 mm | I128: =D128*E128*F128/1000000 -> 0.2946174 | K128: A2
A129: 125 | B129: Upper_Over_Washer | C129: Pipe_Chase_Front | D129: 1 | E129: 914 | F129: 142 | G129: 18 | H129: PVC board 18 mm | I129: =D129*E129*F129/1000000 -> 0.129788 | K129: A5
A130: 126 | B130: Upper_Over_Washer | C130: Pipe_Chase_Side | D130: 1 | E130: 914 | F130: 124 | G130: 18 | H130: PVC board 18 mm | I130: =D130*E130*F130/1000000 -> 0.113336 | K130: A5
A131: 127 | B131: Upper_Over_Washer | C131: Shelf_1 | D131: 1 | E131: 616.8 | F131: 256 | G131: 18 | H131: PVC board 18 mm | I131: =D131*E131*F131/1000000 -> 0.1579008 | J131: notched for pipe - see model | K131: A3
A132: 128 | B132: Upper_Over_Washer | C132: Shelf_2 | D132: 1 | E132: 616.8 | F132: 256 | G132: 18 | H132: PVC board 18 mm | I132: =D132*E132*F132/1000000 -> 0.1579008 | J132: notched for pipe - see model | K132: A11
A133: 129 | B133: Upper_Over_Washer | C133: Side_A | D133: 1 | E133: 914 | F133: 294 | G133: 18 | H133: PVC board 18 mm | I133: =D133*E133*F133/1000000 -> 0.268716 | K133: A5
A134: 130 | B134: Upper_Over_Washer | C134: Side_B | D134: 1 | E134: 914 | F134: 294 | G134: 18 | H134: PVC board 18 mm | I134: =D134*E134*F134/1000000 -> 0.268716 | J134: notched for pipe - see model | K134: A5
A135: 131 | B135: Upper_Over_Washer | C135: Top | D135: 1 | E135: 616.8 | F135: 294 | G135: 18 | H135: PVC board 18 mm | I135: =D135*E135*F135/1000000 -> 0.1813392 | J135: notched for pipe - see model | K135: A6
A136: 132 | B136: Upper_Sink_900 | C136: Back | D136: 1 | E136: 914 | F136: 900 | G136: 18 | H136: PVC board 18 mm | I136: =D136*E136*F136/1000000 -> 0.8226 | K136: A4
A137: 133 | B137: Upper_Sink_900 | C137: Bottom | D137: 1 | E137: 864 | F137: 294 | G137: 18 | H137: PVC board 18 mm | I137: =D137*E137*F137/1000000 -> 0.254016 | K137: A7
A138: 134 | B138: Upper_Sink_900 | C138: Door_1 | D138: 1 | E138: 911 | F138: 447 | G138: 18 | H138: PVC board 18 mm | I138: =D138*E138*F138/1000000 -> 0.407217 | K138: A4
A139: 135 | B139: Upper_Sink_900 | C139: Door_2 | D139: 1 | E139: 911 | F139: 447 | G139: 18 | H139: PVC board 18 mm | I139: =D139*E139*F139/1000000 -> 0.407217 | K139: A5
A140: 136 | B140: Upper_Sink_900 | C140: Side_A | D140: 1 | E140: 914 | F140: 294 | G140: 18 | H140: PVC board 18 mm | I140: =D140*E140*F140/1000000 -> 0.268716 | K140: A6
A141: 137 | B141: Upper_Sink_900 | C141: Side_B | D141: 1 | E141: 914 | F141: 294 | G141: 18 | H141: PVC board 18 mm | I141: =D141*E141*F141/1000000 -> 0.268716 | K141: A1
A142: 138 | B142: Upper_Sink_900 | C142: Top | D142: 1 | E142: 864 | F142: 294 | G142: 18 | H142: PVC board 18 mm | I142: =D142*E142*F142/1000000 -> 0.254016 | K142: A7
A143: 139 | B143: Washer_Bay | C143: Back_Rail | D143: 1 | E143: 634.8 | F143: 100 | G143: 18 | H143: PVC board 18 mm | I143: =D143*E143*F143/1000000 -> 0.06348 | K143: A7
A144: 140 | B144: Washer_Bay | C144: End_Panel | D144: 1 | E144: 876 | F144: 486 | G144: 18 | H144: PVC board 18 mm | I144: =D144*E144*F144/1000000 -> 0.425736 | K144: A6
A145: 141 | B145: Washer_Bay | C145: Panel_Stove_Side | D145: 1 | E145: 876 | F145: 610 | G145: 18 | H145: PVC board 18 mm | I145: =D145*E145*F145/1000000 -> 0.53436 | K145: A7
A146: 142 | B146: Washer_Bay | C146: Rail_Front | D146: 1 | E146: 634.8 | F146: 100 | G146: 18 | H146: PVC board 18 mm | I146: =D146*E146*F146/1000000 -> 0.06348 | K146: A10
A147: 143 | B147: Base_Racks_400 | C147: Kick_Bottom_6mm_PVC | D147: 1 | E147: 400 | F147: 339 | G147: 6 | H147: PVC board 6 mm | I147: =D147*E147*F147/1000000 -> 0.1356 | K147: B1
... A151: 147 | B151: Island_3_Racks_450 | C151: Kick_Bottom_6mm_PVC | D151: 1 | E151: 400 | F151: 389 | G151: 6 | H151: PVC board 6 mm | I151: =D151*E151*F151/1000000 -> 0.1556 | K151: B1
A152: 148 | B152: Island | C152: Countertop | D152: 1 | E152: 1726 | F152: 953 | G152: 38 | H152: Countertop 38 mm | I152: =D152*E152*F152/1000000 -> 1.644878 | J152: solid surface / granite, cooktop cut-out 700x400
A153: 149 | B153: Sink_Counter | C153: Countertop | D153: 1 | E153: 1300 | F153: 635 | G153: 38 | H153: Countertop 38 mm | I153: =D153*E153*F153/1000000 -> 0.8255 | J153: solid surface / granite, sink cut-out 770x420
A154: 150 | B154: Washer_Bay | C154: Countertop | D154: 1 | E154: 670.8 | F154: 635 | G154: 38 | H154: Countertop 38 mm | I154: =D154*E154*F154/1000000 -> 0.425958 | J154: solid surface / granite, corner notch 144x144 for pipe
C155: Total pieces / area | D155: =SUM(D5:D154) -> 152 | I155: =SUM(I5:I154) -> 36.519193

Sheet Fronts & Hinges
A1: Doors and drawer fronts
A2: Hinges: 35 mm cup, soft-close, clip-on. Rule used: door long side <= 900 mm -> 2 hinges, <= 1600 mm -> 3, longer -> 4 (typical hinge-maker guidance; check your hinge brand).
A4: Ref # | B4: Module | C4: Part | D4: Qty | E4: Long side | F4: Short side | G4: Type | H4: Hinges | I4: Handle / latch | J4: Front edge length m
A5: 3 | B5: Base_Racks_400 | C5: DrawerFront_1 | D5: 1 | E5: 397 | F5: 307.4 | G5: Drawer | H5: =IF(G5="Door",D5*IF(E5<=900,2,IF(E5<=1600,3,4)),0) -> 0 | I5: =IF(G5="Toe-kick drawer",0,D5) -> 1 | J5: =D5*2*(E5+F5)/1000 -> 1.4088
A6: 4 | B6: Base_Racks_400 | C6: DrawerFront_2 | D6: 1 | E6: 397 | F6: 268.6 | G6: Drawer | H6: =IF(G6="Door",D6*IF(E6<=900,2,IF(E6<=1600,3,4)),0) -> 0 | I6: =IF(G6="Toe-kick drawer",0,D6) -> 1 | J6: =D6*2*(E6+F6)/1000 -> 1.3312
A7: 5 | B7: Base_Racks_400 | C7: DrawerFront_3 | D7: 1 | E7: 397 | F7: 191 | G7: Drawer | H7: =IF(G7="Door",D7*IF(E7<=900,2,IF(E7<=1600,3,4)),0) -> 0 | I7: =IF(G7="Toe-kick drawer",0,D7) -> 1 | J7: =D7*2*(E7+F7)/1000 -> 1.176
A8: 7 | B8: Base_Racks_400 | C8: Kick_DrawerFront | D8: 1 | E8: 397 | F8: 87 | G8: Toe-kick drawer | H8: =IF(G8="Door",D8*IF(E8<=900,2,IF(E8<=1600,3,4)),0) -> 0 | I8: =IF(G8="Toe-kick drawer",0,D8) -> 0 | J8: =D8*2*(E8+F8)/1000 -> 0.968
A9: 19 | B9: Base_Sink_900 | C9: Door_1 | D9: 1 | E9: 773 | F9: 447 | G9: Door | H9: =IF(G9="Door",D9*IF(E9<=900,2,IF(E9<=1600,3,4)),0) -> 2 | I9: =IF(G9="Toe-kick drawer",0,D9) -> 1 | J9: =D9*2*(E9+F9)/1000 -> 2.44
A10: 20 | B10: Base_Sink_900 | C10: Door_2 | D10: 1 | E10: 773 | F10: 447 | G10: Door | H10: =IF(G10="Door",D10*IF(E10<=900,2,IF(E10<=1600,3,4)),0) -> 2 | I10: =IF(G10="Toe-kick drawer",0,D10) -> 1 | J10: =D10*2*(E10+F10)/1000 -> 2.44
A11: 22 | B11: Base_Sink_900 | C11: Kick_DrawerFront | D11: 1 | E11: 897 | F11: 87 | G11: Toe-kick drawer | H11: =IF(G11="Door",D11*IF(E11<=900,2,IF(E11<=1600,3,4)),0) -> 0 | I11: =IF(G11="Toe-kick drawer",0,D11) -> 0 | J11: =D11*2*(E11+F11)/1000 -> 1.968
A12: 38 | B12: Island_1_Racks_450 | C12: DrawerFront_1 | D12: 1 | E12: 447 | F12: 307.4 | G12: Drawer | H12: =IF(G12="Door",D12*IF(E12<=900,2,IF(E12<=1600,3,4)),0) -> 0 | I12: =IF(G12="Toe-kick drawer",0,D12) -> 1 | J12: =D12*2*(E12+F12)/1000 -> 1.5088
A13: 39 | B13: Island_1_Racks_450 | C13: DrawerFront_2 | D13: 1 | E13: 447 | F13: 268.6 | G13: Drawer | H13: =IF(G13="Door",D13*IF(E13<=900,2,IF(E13<=1600,3,4)),0) -> 0 | I13: =IF(G13="Toe-kick drawer",0,D13) -> 1 | J13: =D13*2*(E13+F13)/1000 -> 1.4312
A14: 40 | B14: Island_1_Racks_450 | C14: DrawerFront_3 | D14: 1 | E14: 447 | F14: 191 | G14: Drawer | H14: =IF(G14="Door",D14*IF(E14<=900,2,IF(E14<=1600,3,4)),0) -> 0 | I14: =IF(G14="Toe-kick drawer",0,D14) -> 1 | J14: =D14*2*(E14+F14)/1000 -> 1.276
A15: 42 | B15: Island_1_Racks_450 | C15: Kick_DrawerFront | D15: 1 | E15: 447 | F15: 87 | G15: Toe-kick drawer | H15: =IF(G15="Door",D15*IF(E15<=900,2,IF(E15<=1600,3,4)),0) -> 0 | I15: =IF(G15="Toe-kick drawer",0,D15) -> 0 | J15: =D15*2*(E15+F15)/1000 -> 1.068
A16: 55 | B16: Island_2_Induction_750 | C16: DrawerFront_1 | D16: 1 | E16: 747 | F16: 325 | G16: Drawer | H16: =IF(G16="Door",D16*IF(E16<=900,2,IF(E16<=1600,3,4)),0) -> 0 | I16: =IF(G16="Toe-kick drawer",0,D16) -> 1 | J16: =D16*2*(E16+F16)/1000 -> 2.144
... A31: 135 | B31: Upper_Sink_900 | C31: Door_2 | D31: 1 | E31: 911 | F31: 447 | G31: Door | H31: =IF(G31="Door",D31*IF(E31<=900,2,IF(E31<=1600,3,4)),0) -> 3 | I31: =IF(G31="Toe-kick drawer",0,D31) -> 1 | J31: =D31*2*(E31+F31)/1000 -> 2.716
C32: Totals | D32: =SUM(D5:D31) -> 27 | H32: =SUM(H5:H31) -> 25 | I32: =SUM(I5:I31) -> 22 | J32: =SUM(J5:J31) -> 49.2456

Sheet Sheet Layout
A1: Nesting on 4x8 sheets (x, y from the sheet corner, mm) - see kitchen_v2_cutting_diagram.pdf
A2: Sheet 2440 x 1220, 5 mm edge trim, 4 mm saw kerf, guillotine cuts.
A4: Sheet | B4: Material | C4: Ref # | D4: Module | E4: Part | F4: X | G4: Y | H4: Along 2440 | I4: Along 1220 | J4: Rotated
A5: A1 | B5: PVC board 18 mm | C5: 97 | D5: Ref_Tower | E5: End_Panel_Ref | F5: 5 | G5: 5 | H5: 2286 | I5: 784
A6: A1 | B6: PVC board 18 mm | C6: 63 | D6: Island_2_Induction_750 | E6: Plinth_Back | F6: 2295 | G6: 5 | H6: 100 | I6: 750 | J6: yes
A7: A1 | B7: PVC board 18 mm | C7: 98 | D7: Ref_Tower | E7: Filler_Ref | F7: 5 | G7: 793 | H7: 2286 | I7: 30
A8: A1 | B8: PVC board 18 mm | C8: 101 | D8: Scribe_Strips | E8: Crown_Uppers | F8: 5 | G8: 827 | H8: 1938 | I8: 50.8
A9: A1 | B9: PVC board 18 mm | C9: 65 | D9: Island_2_Induction_750 | E9: Plinth_Side_B | F9: 1947 | G9: 827 | H9: 454 | I9: 100
A10: A1 | B10: PVC board 18 mm | C10: 137 | D10: Upper_Sink_900 | E10: Side_B | F10: 5 | G10: 882 | H10: 914 | I10: 294
A11: A1 | B11: PVC board 18 mm | C11: 123 | D11: Upper_Over_Washer | E11: Door_1 | F11: 923 | G11: 882 | H11: 911 | I11: 323.4
A12: A1 | B12: PVC board 18 mm | C12: 81 | D12: Island_3_Racks_450 | E12: Plinth_Side_A | F12: 1947 | G12: 931 | H12: 454 | I12: 100
A13: A1 | B13: PVC board 18 mm | C13: 82 | D13: Island_3_Racks_450 | E13: Plinth_Side_B | F13: 1947 | G13: 1035 | H13: 454 | I13: 100
A14: A1 | B14: PVC board 18 mm | C14: 10 | D14: Base_Racks_400 | E14: Kick_Side_B | F14: 1947 | G14: 1139 | H14: 400 | I14: 73
A15: A2 | B15: PVC board 18 mm | C15: 99 | D15: Ref_Tower | E15: Tall_Panel | F15: 5 | G15: 5 | H15: 2286 | I15: 784
A16: A2 | B16: PVC board 18 mm | C16: 57 | D16: Island_2_Induction_750 | E16: DrawerFront_3 | F16: 2295 | G16: 5 | H16: 117 | I16: 747 | J16: yes
A17: A2 | B17: PVC board 18 mm | C17: 107 | D17: Upper_400 | E17: Door_1 | F17: 5 | G17: 793 | H17: 911 | I17: 397
A18: A2 | B18: PVC board 18 mm | C18: 124 | D18: Upper_Over_Washer | E18: Door_2 | F18: 920 | G18: 793 | H18: 911 | I18: 323.4
A19: A2 | B19: PVC board 18 mm | C19: 117 | D19: Upper_Hood_620 | E19: Shelf_2 | F19: 1835 | G19: 793 | H19: 584 | I19: 224
A20: A2 | B20: PVC board 18 mm | C20: 27 | D20: Base_Sink_900 | E20: Plinth_Side_A | F20: 1835 | G20: 1021 | H20: 454 | I20: 100
A21: A2 | B21: PVC board 18 mm | C21: 22 | D21: Base_Sink_900 | E21: Kick_DrawerFront | F21: 920 | G21: 1120 | H21: 897 | I21: 87
A22: A2 | B22: PVC board 18 mm | C22: 76 | D22: Island_3_Racks_450 | E22: Kick_DrawerFront | F22: 1835 | G22: 1125 | H22: 447 | I22: 87
A23: A3 | B23: PVC board 18 mm | C23: 33 | D23: Island | E23: Island_Back_Panel (seating side) | F23: 5 | G23: 5 | H23: 1650 | I23: 876
A24: A3 | B24: PVC board 18 mm | C24: 87 | D24: Over_Ref_Cabinet | E24: Back | F24: 1659 | G24: 5 | H24: 457 | I24: 950 | J24: yes
A25: A3 | B25: PVC board 18 mm | C25: 111 | D25: Upper_400 | E25: Side_B | F25: 2120 | G25: 5 | H25: 294 | I25: 914 | J25: yes
A26: A3 | B26: PVC board 18 mm | C26: 100 | D26: Scribe_Strips | E26: Crown_Ref | F26: 5 | G26: 885 | H26: 1016 | I26: 50.8
A27: A3 | B27: PVC board 18 mm | C27: 122 | D27: Upper_Over_Washer | E27: Bottom | F27: 1025 | G27: 885 | H27: 616.8 | I27: 294
A28: A3 | B28: PVC board 18 mm | C28: 127 | D28: Upper_Over_Washer | E28: Shelf_1 | F28: 5 | G28: 940 | H28: 616.8 | I28: 256
A29: A3 | B29: PVC board 18 mm | C29: 108 | D29: Upper_400 | E29: Shelf_1 | F29: 626 | G29: 940 | H29: 364 | I29: 256
A30: A3 | B30: PVC board 18 mm | C30: 28 | D30: Base_Sink_900 | E30: Plinth_Side_B | F30: 1659 | G30: 959 | H30: 454 | I30: 100
A31: A3 | B31: PVC board 18 mm | C31: 47 | D31: Island_1_Racks_450 | E31: Plinth_Side_A | F31: 1659 | G31: 1063 | H31: 454 | I31: 100
A32: A4 | B32: PVC board 18 mm | C32: 132 | D32: Upper_Sink_900 | E32: Back | F32: 5 | G32: 5 | H32: 914 | I32: 900
A33: A4 | B33: PVC board 18 mm | C33: 88 | D33: Over_Ref_Cabinet | E33: Bottom | F33: 923 | G33: 5 | H33: 914 | I33: 748
A34: A4 | B34: PVC board 18 mm | C34: 134 | D34: Upper_Sink_900 | E34: Door_1 | F34: 1841 | G34: 5 | H34: 447 | I34: 911 | J34: yes
A35: A4 | B35: PVC board 18 mm | C35: 26 | D35: Base_Sink_900 | E35: Plinth_Back | F35: 2292 | G35: 5 | H35: 100 | I35: 900 | J35: yes
A36: A4 | B36: PVC board 18 mm | C36: 105 | D36: Upper_400 | E36: Back | F36: 923 | G36: 757 | H36: 914 | I36: 400
A37: A4 | B37: PVC board 18 mm | C37: 110 | D37: Upper_400 | E37: Side_A | F37: 5 | G37: 909 | H37: 914 | I37: 294
A38: A4 | B38: PVC board 18 mm | C38: 114 | D38: Upper_Hood_620 | E38: Bottom | F38: 1841 | G38: 920 | H38: 584 | I38: 294
A39: A5 | B39: PVC board 18 mm | C39: 96 | D39: Over_Ref_Cabinet | E39: Top | F39: 5 | G39: 5 | H39: 914 | I39: 748
A40: A5 | B40: PVC board 18 mm | C40: 93 | D40: Over_Ref_Cabinet | E40: Shelf_1 | F40: 923 | G40: 5 | H40: 914 | I40: 710
A41: A5 | B41: PVC board 18 mm | C41: 135 | D41: Upper_Sink_900 | E41: Door_2 | F41: 1841 | G41: 5 | H41: 447 | I41: 911 | J41: yes
A42: A5 | B42: PVC board 18 mm | C42: 31 | D42: Base_Sink_900 | E42: Stretcher_Back | F42: 2292 | G42: 5 | H42: 100 | I42: 864 | J42: yes
A43: A5 | B43: PVC board 18 mm | C43: 130 | D43: Upper_Over_Washer | E43: Side_B | F43: 923 | G43: 719 | H43: 914 | I43: 294
A44: A5 | B44: PVC board 18 mm | C44: 129 | D44: Upper_Over_Washer | E44: Side_A | F44: 5 | G44: 757 | H44: 914 | I44: 294
A45: A5 | B45: PVC board 18 mm | C45: 120 | D45: Upper_Hood_620 | E45: Top | F45: 1841 | G45: 920 | H45: 584 | I45: 294
A46: A5 | B46: PVC board 18 mm | C46: 126 | D46: Upper_Over_Washer | E46: Pipe_Chase_Side | F46: 923 | G46: 1017 | H46: 914 | I46: 124
A47: A5 | B47: PVC board 18 mm | C47: 125 | D47: Upper_Over_Washer | E47: Pipe_Chase_Front | F47: 5 | G47: 1055 | H47: 914 | I47: 142
A48: A6 | B48: PVC board 18 mm | C48: 121 | D48: Upper_Over_Washer | E48: Back | F48: 5 | G48: 5 | H48: 914 | I48: 652.8
A49: A6 | B49: PVC board 18 mm | C49: 34 | D49: Island | E49: Island_End_Panel_A | F49: 923 | G49: 5 | H49: 876 | I49: 628
A50: A6 | B50: PVC board 18 mm | C50: 35 | D50: Island | E50: Island_End_Panel_B | F50: 1803 | G50: 5 | H50: 628 | I50: 876 | J50: yes
A51: A6 | B51: PVC board 18 mm | C51: 140 | D51: Washer_Bay | E51: End_Panel | F51: 923 | G51: 637 | H51: 876 | I51: 486
A52: A6 | B52: PVC board 18 mm | C52: 136 | D52: Upper_Sink_900 | E52: Side_A | F52: 5 | G52: 662 | H52: 914 | I52: 294
A53: A6 | B53: PVC board 18 mm | C53: 131 | D53: Upper_Over_Washer | E53: Top | F53: 1803 | G53: 885 | H53: 616.8 | I53: 294
A54: A6 | B54: PVC board 18 mm | C54: 32 | D54: Base_Sink_900 | E54: Stretcher_Front | F54: 5 | G54: 960 | H54: 864 | I54: 100
A55: A6 | B55: PVC board 18 mm | C55: 23 | D55: Base_Sink_900 | E55: Kick_Inner_Front | F55: 5 | G55: 1064 | H55: 803 | I55: 73
A56: A6 | B56: PVC board 18 mm | C56: 21 | D56: Base_Sink_900 | E56: Kick_Back | F56: 923 | G56: 1127 | H56: 803 | I56: 73
A57: A6 | B57: PVC board 18 mm | C57: 58 | D57: Island_2_Induction_750 | E57: Kick_Back | F57: 5 | G57: 1141 | H57: 653 | I57: 73
A58: A7 | B58: PVC board 18 mm | C58: 141 | D58: Washer_Bay | E58: Panel_Stove_Side | F58: 5 | G58: 5 | H58: 876 | I58: 610
A59: A7 | B59: PVC board 18 mm | C59: 133 | D59: Upper_Sink_900 | E59: Bottom | F59: 885 | G59: 5 | H59: 864 | I59: 294
A60: A7 | B60: PVC board 18 mm | C60: 118 | D60: Upper_Hood_620 | E60: Side_A | F60: 1753 | G60: 5 | H60: 672 | I60: 294
A61: A7 | B61: PVC board 18 mm | C61: 138 | D61: Upper_Sink_900 | E61: Top | F61: 885 | G61: 303 | H61: 864 | I61: 294
A62: A7 | B62: PVC board 18 mm | C62: 30 | D62: Base_Sink_900 | E62: Side_B | F62: 1753 | G62: 303 | H62: 592 | I62: 776 | J62: yes
A63: A7 | B63: PVC board 18 mm | C63: 60 | D63: Island_2_Induction_750 | E63: Kick_Inner_Front | F63: 2349 | G63: 303 | H63: 73 | I63: 653 | J63: yes
A64: A7 | B64: PVC board 18 mm | C64: 29 | D64: Base_Sink_900 | E64: Side_A | F64: 885 | G64: 601 | H64: 776 | I64: 592
A65: A7 | B65: PVC board 18 mm | C65: 25 | D65: Base_Sink_900 | E65: Kick_Side_B | F65: 1665 | G65: 601 | H65: 73 | I65: 400 | J65: yes
A66: A7 | B66: PVC board 18 mm | C66: 18 | D66: Base_Sink_900 | E66: Bottom | F66: 5 | G66: 619 | H66: 864 | I66: 592
A67: A7 | B67: PVC board 18 mm | C67: 139 | D67: Washer_Bay | E67: Back_Rail | F67: 1753 | G67: 1083 | H67: 634.8 | I67: 100
A68: A8 | B68: PVC board 18 mm | C68: 53 | D68: Island_2_Induction_750 | E68: Back | F68: 5 | G68: 5 | H68: 776 | I68: 750
A69: A8 | B69: PVC board 18 mm | C69: 14 | D69: Base_Racks_400 | E69: Side_A | F69: 785 | G69: 5 | H69: 776 | I69: 574
A70: A8 | B70: PVC board 18 mm | C70: 49 | D70: Island_1_Racks_450 | E70: Side_A | F70: 1565 | G70: 5 | H70: 776 | I70: 574
A71: A8 | B71: PVC board 18 mm | C71: 44 | D71: Island_1_Racks_450 | E71: Kick_Side_A | F71: 2345 | G71: 5 | H71: 73 | I71: 400 | J71: yes
A72: A8 | B72: PVC board 18 mm | C72: 15 | D72: Base_Racks_400 | E72: Side_B | F72: 785 | G72: 583 | H72: 776 | I72: 574
A73: A8 | B73: PVC board 18 mm | C73: 50 | D73: Island_1_Racks_450 | E73: Side_B | F73: 1565 | G73: 583 | H73: 776 | I73: 574
A74: A8 | B74: PVC board 18 mm | C74: 45 | D74: Island_1_Racks_450 | E74: Kick_Side_B | F74: 2345 | G74: 583 | H74: 73 | I74: 400 | J74: yes
A75: A8 | B75: PVC board 18 mm | C75: 36 | D75: Island_1_Racks_450 | E75: Back | F75: 5 | G75: 759 | H75: 776 | I75: 450
A76: A8 | B76: PVC board 18 mm | C76: 102 | D76: Scribe_Strips | E76: Crown_Washer | F76: 785 | G76: 1161 | H76: 652.8 | I76: 50.8
A77: A8 | B77: PVC board 18 mm | C77: 103 | D77: Stove_Bay | E77: Stove_Platform_Riser | F77: 1565 | G77: 1161 | H77: 609.6 | I77: 46
A78: A9 | B78: PVC board 18 mm | C78: 66 | D78: Island_2_Induction_750 | E78: Side_A | F78: 5 | G78: 5 | H78: 776 | I78: 574
A79: A9 | B79: PVC board 18 mm | C79: 83 | D79: Island_3_Racks_450 | E79: Side_A | F79: 785 | G79: 5 | H79: 776 | I79: 574
A80: A9 | B80: PVC board 18 mm | C80: 70 | D80: Island_3_Racks_450 | E80: Back | F80: 1565 | G80: 5 | H80: 776 | I80: 450
A81: A9 | B81: PVC board 18 mm | C81: 42 | D81: Island_1_Racks_450 | E81: Kick_DrawerFront | F81: 2345 | G81: 5 | H81: 87 | I81: 447 | J81: yes
A82: A9 | B82: PVC board 18 mm | C82: 1 | D82: Base_Racks_400 | E82: Back | F82: 1565 | G82: 459 | H82: 776 | I82: 400
A83: A9 | B83: PVC board 18 mm | C83: 9 | D83: Base_Racks_400 | E83: Kick_Side_A | F83: 2345 | G83: 459 | H83: 73 | I83: 400 | J83: yes
A84: A9 | B84: PVC board 18 mm | C84: 67 | D84: Island_2_Induction_750 | E84: Side_B | F84: 5 | G84: 583 | H84: 776 | I84: 574
A85: A9 | B85: PVC board 18 mm | C85: 84 | D85: Island_3_Racks_450 | E85: Side_B | F85: 785 | G85: 583 | H85: 776 | I85: 574
A86: A9 | B86: PVC board 18 mm | C86: 55 | D86: Island_2_Induction_750 | E86: DrawerFront_1 | F86: 1565 | G86: 863 | H86: 747 | I86: 325
A87: A9 | B87: PVC board 18 mm | C87: 103 | D87: Stove_Bay | E87: Stove_Platform_Riser | F87: 5 | G87: 1161 | H87: 609.6 | I87: 46
A88: A9 | B88: PVC board 18 mm | C88: 103 | D88: Stove_Bay | E88: Stove_Platform_Riser | F88: 785 | G88: 1161 | H88: 609.6 | I88: 46
A89: A10 | B89: PVC board 18 mm | C89: 19 | D89: Base_Sink_900 | E89: Door_1 | F89: 5 | G89: 5 | H89: 773 | I89: 447
A90: A10 | B90: PVC board 18 mm | C90: 94 | D90: Over_Ref_Cabinet | E90: Side_A | F90: 782 | G90: 5 | H90: 748 | I90: 457
A91: A10 | B91: PVC board 18 mm | C91: 56 | D91: Island_2_Induction_750 | E91: DrawerFront_2 | F91: 1534 | G91: 5 | H91: 747 | I91: 325
A92: A10 | B92: PVC board 18 mm | C92: 54 | D92: Island_2_Induction_750 | E92: Bottom | F92: 1534 | G92: 334 | H92: 714 | I92: 574
A93: A10 | B93: PVC board 18 mm | C93: 91 | D93: Over_Ref_Cabinet | E93: Pipe_Chase_Front | F93: 2252 | G93: 334 | H93: 122 | I93: 457 | J93: yes
A94: A10 | B94: PVC board 18 mm | C94: 20 | D94: Base_Sink_900 | E94: Door_2 | F94: 5 | G94: 456 | H94: 773 | I94: 447
A95: A10 | B95: PVC board 18 mm | C95: 95 | D95: Over_Ref_Cabinet | E95: Side_B | F95: 782 | G95: 466 | H95: 748 | I95: 457
A96: A10 | B96: PVC board 18 mm | C96: 69 | D96: Island_2_Induction_750 | E96: Stretcher_Front | F96: 5 | G96: 907 | H96: 714 | I96: 100
A97: A10 | B97: PVC board 18 mm | C97: 119 | D97: Upper_Hood_620 | E97: Side_B | F97: 1534 | G97: 912 | H97: 672 | I97: 294
A98: A10 | B98: PVC board 18 mm | C98: 59 | D98: Island_2_Induction_750 | E98: Kick_DrawerFront | F98: 782 | G98: 927 | H98: 747 | I98: 87
A99: A10 | B99: PVC board 18 mm | C99: 142 | D99: Washer_Bay | E99: Rail_Front | F99: 5 | G99: 1011 | H99: 634.8 | I99: 100
A100: A10 | B100: PVC board 18 mm | C100: 68 | D100: Island_2_Induction_750 | E100: Stretcher_Back | F100: 782 | G100: 1018 | H100: 714 | I100: 100
A101: A10 | B101: PVC board 18 mm | C101: 12 | D101: Base_Racks_400 | E101: Plinth_Side_A | F101: 5 | G101: 1115 | H101: 454 | I101: 100
...
